State,Year,Name,Stars,Rating
MI,2006,Brandon Graham,5,0.9930
MI,2006,Jeff Lindsay,3,0.8875
MI,2006,John Maddox,3,0.8795
MI,2006,Patrick Rigan,3,0.8750
MI,2006,Anthony Bowman,3,0.8715
MI,2006,Adrian Cannon,3,0.8622
MI,2006,Neli A'asa,3,0.8556
MI,2006,Quintin Woods,3,0.8556
MI,2006,John Stipek,3,0.8399
MI,2006,Matt Malouf,3,0.8333
MI,2006,Obi Ezeh,3,0.8260
MI,2006,Jeff Maddux,3,0.8208
MI,2006,John Goebel,3,0.8149
MI,2006,Derek Brighton,3,0.8038
MI,2006,Jim O'Neill,3,0.7990
MI,2006,Ben Hunderman,2,0.7958
MI,2006,Sidney Stewart,2,0.7944
MI,2006,Robert Eddins,2,0.7889
MI,2006,Terrence Blevins,2,0.7889
MI,2006,Mike Canfield,2,0.7889
MI,2006,Chris Pyant,2,0.7816
MI,2006,Phil Swanson,2,0.7667
MI,2006,Anthony Quinn,2,0.7667
MI,2006,Donald Connelly,2,0.7667
MI,2006,Tarell Lewis,2,0.7667
MI,2006,L.J. Robertson,2,0.7444
MI,2006,Clint Allen,2,0.7444
MI,2006,Matt Pickens,2,0.7222
MI,2006,Richard Franklin,2,0.7222
MI,2006,Cam Bramer,2,0.7222
MI,2006,Danny Richard,2,0.7222
MI,2006,Mark Mitchell,2,0.7222
MI,2006,Derrick Hunter,2,0.7000
MI,2006,Vince Agnew,2,0.7000
MI,2006,T.J. Lang,2,0.7000
MI,2006,Brandon Pratt,2,0.7000
MI,2006,Josh LeDuc,2,0.7000
MI,2006,Levi Brezee,2,0.7000
MI,2006,Dannie Bolden,2,0.7000
MI,2006,Derrick Summers,2,0.7000
MI,2006,Stephen Johnson,2,0.7000
OH,2006,Beanie Wells,5,0.9965
OH,2006,Robert Rose,5,0.9845
OH,2006,Connor Smith,4,0.9801
OH,2006,Justin Boren,4,0.9783
OH,2006,Thaddeus Gibson,4,0.9518
OH,2006,Aaron Brown,4,0.9415
OH,2006,Jeff Cumberland,4,0.9391
OH,2006,Ray Small,4,0.9337
OH,2006,Kurt Coleman,4,0.9293
OH,2006,Ross Homan,4,0.9136
OH,2006,Bryan Wright,4,0.9029
OH,2006,Lance Smith,4,0.9004
OH,2006,Cobrani Mixon,3,0.8875
OH,2006,Lee Tilley,3,0.8844
OH,2006,John Ryan,3,0.8826
OH,2006,Josh Chichester,3,0.8795
OH,2006,Mark Jackson,3,0.8778
OH,2006,Joe Thomas,3,0.8753
OH,2006,Zachary Meagher,3,0.8738
OH,2006,Kallen Wade,3,0.8733
OH,2006,Ricky Stanzi,3,0.8639
OH,2006,Daven Jones,3,0.8590
OH,2006,Jovani Chappel,3,0.8559
OH,2006,Jamar Howard,3,0.8556
OH,2006,Troy Pascley,3,0.8542
OH,2006,Nate Davis,3,0.8510
OH,2006,Robby Parris,3,0.8497
OH,2006,Anthony Elzy,3,0.8479
OH,2006,Terrence Sherrer,3,0.8465
OH,2006,Arvell Nelson,3,0.8385
OH,2006,Robert Williams,3,0.8354
OH,2006,Alex Albright,3,0.8333
OH,2006,Royce Adams,3,0.8333
OH,2006,Michael Hartline,3,0.8333
OH,2006,Igor Iveljic,3,0.8333
OH,2006,Derrell Johnson,3,0.8333
OH,2006,Jared Dewalt,3,0.8333
OH,2006,Brett Huffman,3,0.8333
OH,2006,Delone Carter,3,0.8333
OH,2006,D.J. Burris,3,0.8333
OH,2006,Antonio James,3,0.8333
OH,2006,Bill Nagy,3,0.8333
OH,2006,Armand Robinson,3,0.8306
OH,2006,Jamel Miller,3,0.8274
OH,2006,Ray Fisher,3,0.8181
OH,2006,Jarrod Smith,3,0.8177
OH,2006,Clark Crum,3,0.8167
OH,2006,Jahmal Brown,3,0.8149
OH,2006,P.J. Mahone,3,0.8111
OH,2006,Bryant Milligan,3,0.8111
OH,2006,Chris Harrison,3,0.8111
OH,2006,J'Michael Deane,3,0.8111
OH,2006,Bob Gulley,3,0.8101
OH,2006,Jordan Gafford,3,0.8007
OH,2006,Jacob Black,2,0.7889
OH,2006,Taylor Price,2,0.7889
OH,2006,John Humphrey,2,0.7889
OH,2006,Bruce Frieson,2,0.7889
OH,2006,Aaron Opelt,2,0.7889
OH,2006,Skylaar Constant,2,0.7889
OH,2006,Joe Morgan,2,0.7889
OH,2006,Matt Fought,2,0.7889
OH,2006,Christen Haywood,2,0.7889
OH,2006,Chad Schofield,2,0.7889
OH,2006,Dominic Alford,2,0.7889
OH,2006,Alex Knipp,2,0.7889
OH,2006,Chris Meenan,2,0.7847
OH,2006,Reilly Lauer,2,0.7799
OH,2006,Amin Kabir,2,0.7667
OH,2006,D.J. Svabik,2,0.7667
OH,2006,Gary Rice,2,0.7667
OH,2006,Peris Edwards,2,0.7667
OH,2006,Brad Martin,2,0.7667
OH,2006,Jacob Ramsey,2,0.7667
OH,2006,Pete Saxon,2,0.7667
OH,2006,Casey Kjos,2,0.7667
OH,2006,Jake Miller,2,0.7667
OH,2006,Darius Lewis,2,0.7667
OH,2006,Jerome Jones,2,0.7667
OH,2006,Cody Blevins,2,0.7667
OH,2006,Mark Jackson,2,0.7667
OH,2006,Anthony Mirando,2,0.7667
OH,2006,Donovan Potter,2,0.7667
OH,2006,Joe Underwood,2,0.7667
OH,2006,Nate Cole,2,0.7667
OH,2006,Derrick Smith,2,0.7667
OH,2006,Levi George,2,0.7667
OH,2006,Sean Redwine,2,0.7667
OH,2006,Benjamin Kelly,2,0.7444
OH,2006,Mark Paun,2,0.7444
OH,2006,Jeff Cleveland,2,0.7444
OH,2006,Toby Boeckman,2,0.7444
OH,2006,Tyler Sheehan,2,0.7444
OH,2006,Myles Trempe,2,0.7444
OH,2006,Alex Steigerwald,2,0.7444
OH,2006,Rodger Saffold,2,0.7444
OH,2006,Lindsey Witten,2,0.7444
OH,2006,Cody Karr,2,0.7444
OH,2006,Brandon Miller,2,0.7444
OH,2006,Caleb Bostic,2,0.7444
OH,2006,Kris Luchsinger,2,0.7444
OH,2006,Angelo Magnone,2,0.7222
OH,2006,Brian Lainhart,2,0.7222
OH,2006,Marcellis Williamson,2,0.7222
OH,2006,Nathan Reed,2,0.7222
OH,2006,Curtis Eaton,2,0.7222
OH,2006,Robert Mercer,2,0.7222
OH,2006,Tyrone Pronty,2,0.7222
OH,2006,Julian Posey,2,0.7222
OH,2006,Pat Reedy,2,0.7222
OH,2006,Shane Bowen,2,0.7222
OH,2006,Josh Tillman,2,0.7222
OH,2006,Carlos Tipton,2,0.7222
OH,2006,Pete Reese,2,0.7222
OH,2006,Ryan Downard,2,0.7000
OH,2006,Robert Hightower,2,0.7000
OH,2006,Jake Kilroy,2,0.7000
OH,2006,Donovan Fletcher,2,0.7000
OH,2006,Kevin Hogan,2,0.7000
OH,2006,Dan Hartman,2,0.7000
OH,2006,Joshua Cousins,2,0.7000
OH,2006,Desmond Marrow,2,0.7000
MI,2007,Ronald Johnson,5,0.9923
MI,2007,Dionte Allen,4,0.9781
MI,2007,Joseph Barksdale,4,0.9721
MI,2007,Mark Dell,4,0.9329
MI,2007,Ryan Van Bergen,4,0.9183
MI,2007,Darris Sawtelle,4,0.8986
MI,2007,Keith Nichol,4,0.8986
MI,2007,Cedric Everson,4,0.8906
MI,2007,Quincy Landingham,3,0.8875
MI,2007,Martell Webb,3,0.8844
MI,2007,Steven Threet,3,0.8781
MI,2007,Josh Rooks,3,0.8622
MI,2007,Derek Knight,3,0.8608
MI,2007,Vince Helmuth,3,0.8542
MI,2007,Josh Allison,3,0.8528
MI,2007,George White,3,0.8497
MI,2007,Kaunda Hancock,3,0.8479
MI,2007,Darrell Davis-Budanauro,3,0.8417
MI,2007,James Rogers,3,0.8417
MI,2007,James Stallons,3,0.8417
MI,2007,Rocky Weaver,3,0.8399
MI,2007,Cameron Joplin,3,0.8385
MI,2007,Mark Huyge,3,0.8340
MI,2007,Ryan Wheat,3,0.8333
MI,2007,Ryan Breen,3,0.8257
MI,2007,Darius Johnson,3,0.8243
MI,2007,Mike Cappetto,3,0.8177
MI,2007,Ashton Leggett,3,0.8167
MI,2007,DeMarcus Grady,3,0.8163
MI,2007,Audie Cole,3,0.8038
MI,2007,Chris Rucker,3,0.8021
MI,2007,Kevin Pickelman,3,0.7990
MI,2007,Brandon Carnegie,2,0.7785
MI,2007,Tyler Palsrok,2,0.7674
MI,2007,Alex Delisi,2,0.7667
MI,2007,Kyle McMahon,2,0.7517
MI,2007,Mike VanDerMeulen,2,0.7444
MI,2007,Ian Reeves,2,0.7222
MI,2007,Bridger Buche,2,0.7222
MI,2007,Chris Starkey,2,0.7222
MI,2007,Kevin Long,2,0.7222
MI,2007,AnDrew Johnson,2,0.7222
MI,2007,Brandon Slater,2,0.7222
MI,2007,Deon Reed,2,0.7222
MI,2007,Jeremy Wilson,2,0.7222
MI,2007,Preston Burrell,2,0.7222
MI,2007,Mike Petrucci,2,0.7222
MI,2007,Chris Bittner,2,0.7222
MI,2007,Brad Ohrman,2,0.7222
MI,2007,Zach Benke,2,0.7222
MI,2007,Maurice Goodrum,2,0.7222
MI,2007,Raymond Hutson,2,0.7222
MI,2007,Dan Youssif,2,0.7222
MI,2007,Derek Gotham,2,0.7222
MI,2007,Marty Cardwell,2,0.7222
MI,2007,Lance Beers,2,0.7222
MI,2007,Ben Bojicic,2,0.7222
OH,2007,Ben Martin,5,0.9874
OH,2007,Eugene Clifford,5,0.9849
OH,2007,Devon Torrence,4,0.9417
OH,2007,Dewey Elliot,4,0.9413
OH,2007,Brandon Saine,4,0.9360
OH,2007,Nate Oliver,4,0.9202
OH,2007,C.J. Peake,4,0.9000
OH,2007,Mark Jackson,3,0.8875
OH,2007,Sidney Glover,3,0.8795
OH,2007,Lebron Daniel,3,0.8778
OH,2007,Daniel Herron,3,0.8750
OH,2007,Vincent Browne,3,0.8733
OH,2007,Morgan Williams,3,0.8701
OH,2007,Clay Belton,3,0.8653
OH,2007,Chris Smith,3,0.8653
OH,2007,Kyle Jefferson,3,0.8622
OH,2007,Nick Schepis,3,0.8622
OH,2007,David Arnold,3,0.8590
OH,2007,Skylar Jones,3,0.8590
OH,2007,Mark Wetterer,3,0.8528
OH,2007,Jordan Mabin,3,0.8514
OH,2007,Daryle Ballew,3,0.8479
OH,2007,Diauntae Morrow,3,0.8469
OH,2007,Ryan Gillum,3,0.8465
OH,2007,Derrick Sherman,3,0.8465
OH,2007,Charlie Hatcher,3,0.8417
OH,2007,Frank Edmonds,3,0.8403
OH,2007,Jeff Rieskamp,3,0.8385
OH,2007,Julian Miller,3,0.8385
OH,2007,Brian Gamble,3,0.8372
OH,2007,Vince Harris,3,0.8368
OH,2007,Erique Robertson,3,0.8354
OH,2007,Zach Collaros,3,0.8333
OH,2007,Mark Wooldridge,3,0.8333
OH,2007,Otis Merrill,3,0.8333
OH,2007,Ryan Collado,3,0.8333
OH,2007,Eric Thomas,3,0.8323
OH,2007,Steve Matas,3,0.8323
OH,2007,Ricardo Thompson,3,0.8306
OH,2007,Kyle Hubbard,3,0.8292
OH,2007,B.J. Cunningham,3,0.8292
OH,2007,Zach Furlong,3,0.8274
OH,2007,Charles Brown,3,0.8274
OH,2007,Chazz Anderson,3,0.8260
OH,2007,Oren Wilson,3,0.8241
OH,2007,Mitchell Evans,3,0.8212
OH,2007,Ken Bruton,3,0.8212
OH,2007,Hosea Simpson,3,0.8198
OH,2007,Marlin Parker,3,0.8198
OH,2007,Kendall Washington,3,0.8177
OH,2007,Taylor Bradley,3,0.8163
OH,2007,Bruce Davis,3,0.8135
OH,2007,Brandon Walker,3,0.8111
OH,2007,Brandon Thomas,3,0.8111
OH,2007,Alex Kaufman,3,0.8111
OH,2007,Gary Pride,3,0.8069
OH,2007,Chris Givens,3,0.8056
OH,2007,Frank Becker,3,0.8052
OH,2007,Jafe Pitcock,3,0.8007
OH,2007,Rob Reiland,3,0.7990
OH,2007,Marcus English,3,0.7972
OH,2007,Jeff Lucas,2,0.7958
OH,2007,Tyler Replogle,2,0.7958
OH,2007,Rob Trigg,2,0.7944
OH,2007,Ben Burkett,2,0.7944
OH,2007,Daniel Ifft,2,0.7941
OH,2007,Pete Rolf,2,0.7927
OH,2007,Zac Clark,2,0.7896
OH,2007,Kevin Koncelik,2,0.7889
OH,2007,Sean Baker,2,0.7865
OH,2007,Marcus O'Hara,2,0.7861
OH,2007,Jerome Royal,2,0.7802
OH,2007,Jason Williams,2,0.7767
OH,2007,Charles Matthews,2,0.7766
OH,2007,Ryan Simpson,2,0.7736
OH,2007,D.C. Alexander,2,0.7692
OH,2007,Marcus Burton,2,0.7674
OH,2007,Sean Fobbs,2,0.7667
OH,2007,Marquinn Davis,2,0.7667
OH,2007,Anthony Kokal,2,0.7667
OH,2007,Eric McLaughlin,2,0.7667
OH,2007,Mike Madsen,2,0.7667
OH,2007,Brian Peters,2,0.7667
OH,2007,Riley Dunlop,2,0.7667
OH,2007,Joe Flading,2,0.7667
OH,2007,Andy Puthoff,2,0.7667
OH,2007,Jeff Spikes,2,0.7667
OH,2007,Jon Wells,2,0.7667
OH,2007,Josh Copeland,2,0.7660
OH,2007,Garrett Celek,2,0.7556
OH,2007,Derrick Henry,2,0.7444
OH,2007,Michael Page,2,0.7444
OH,2007,Lorren Womack,2,0.7444
OH,2007,Chris Anzevino,2,0.7444
OH,2007,Jalil Carter,2,0.7444
OH,2007,Andy Wersel,2,0.7444
OH,2007,Kevin Kowalski,2,0.7444
OH,2007,Tamawi McGhee,2,0.7444
OH,2007,Danny Noble,2,0.7444
OH,2007,Ryan Randolph,2,0.7444
OH,2007,Keith Dixson,2,0.7333
OH,2007,Aeric Clay,2,0.7222
OH,2007,Anthony Smith,2,0.7222
OH,2007,Tyson Patrick,2,0.7222
OH,2007,Curtis Meyers,2,0.7222
OH,2007,Scott Johnson,2,0.7222
OH,2007,Drew Frey,2,0.7222
OH,2007,Alan Vanderink,2,0.7222
OH,2007,Jeremy Shrieves,2,0.7222
OH,2007,Shawn Knight,2,0.7222
OH,2007,Ryan Hartke,2,0.7222
OH,2007,Kenny Jackson,2,0.7222
OH,2007,Jeff King,2,0.7222
OH,2007,Montez Patterson,2,0.7222
OH,2007,Vinny Curry,2,0.7222
OH,2007,Ishmaa'ily Kitchen,2,0.7222
OH,2007,Dreylon Pree,2,0.7222
OH,2007,Vince Davidson,2,0.7222
OH,2007,Darren Branch,2,0.7222
OH,2007,Matt Merletti,2,0.7222
OH,2007,Ken Staudinger,2,0.7222
OH,2007,Blake McCroskey,2,0.7222
OH,2007,George Carpenter,2,0.7222
OH,2007,John Flowers,2,0.7222
OH,2007,Jay Edwards,2,0.7222
OH,2007,Trey Hunter,2,0.7222
OH,2007,Chris Favazzo,2,0.7000
OH,2007,Travis Baltz,2,0.7000
OH,2007,Justin Estes,2,0.7000
MI,2008,Nick Perry,4,0.9713
MI,2008,Dann O'Neill,4,0.9664
MI,2008,Jonas Gray,4,0.9565
MI,2008,Mark Ingram,4,0.9444
MI,2008,Boubacar Cissoko,4,0.9335
MI,2008,Fred Smith,4,0.9139
MI,2008,Mike Martin,4,0.9107
MI,2008,Kenny Demens,3,0.8875
MI,2008,DeOn'tae Pannell,3,0.8804
MI,2008,Ethan Ruhland,3,0.8778
MI,2008,Charles Burrell,3,0.8764
MI,2008,Tyler Hoover,3,0.8639
MI,2008,Caulton Ray,3,0.8622
MI,2008,Cortez Smith,3,0.8556
MI,2008,Keshawn Martin,3,0.8556
MI,2008,Rocko Khoury,3,0.8514
MI,2008,Tim Dandridge,3,0.8510
MI,2008,Glenn Winston,3,0.8479
MI,2008,Anthony Woods,3,0.8385
MI,2008,George Winn,3,0.8337
MI,2008,Sam Gaymon,3,0.8333
MI,2008,Jamie Simpson,3,0.8306
MI,2008,Chris McDonald,3,0.8229
MI,2008,Darrin Williams,3,0.8212
MI,2008,Mitch Zajac,3,0.8132
MI,2008,Trenton Robinson,3,0.8113
MI,2008,John Potter,3,0.8111
MI,2008,John Deyo,3,0.8111
MI,2008,Marvon Sanders,3,0.8083
MI,2008,Kirk Cousins,3,0.8083
MI,2008,Norman Shuford,3,0.8052
MI,2008,Adam Follett,3,0.7990
MI,2008,Myles White,3,0.7972
MI,2008,Austin Holtz,2,0.7927
MI,2008,Joel Foreman,2,0.7889
MI,2008,Valtorrey Showers,2,0.7889
MI,2008,Tre Bishop,2,0.7889
MI,2008,Zach Hueter,2,0.7889
MI,2008,Steven Winston,2,0.7734
MI,2008,Fadi Farha,2,0.7667
MI,2008,Johnathan Lamb,2,0.7667
MI,2008,Tyler Thomas,2,0.7500
MI,2008,Zach Line,2,0.7444
MI,2008,Alex Debniak,2,0.7444
MI,2008,Darren Keyton,2,0.7444
MI,2008,David Blackburn,2,0.7444
MI,2008,Jason Semmes,2,0.7444
MI,2008,Darryll Stinson,2,0.7444
MI,2008,Mike Repovz,2,0.7444
MI,2008,Scott Kovanda,2,0.7444
MI,2008,Armand Staten,2,0.7222
MI,2008,Nate Hardy,2,0.7222
MI,2008,Scott MacLeod,2,0.7219
MI,2008,Joshua Howard,2,0.7000
MI,2008,L'shane Bynum,2,0.7000
MI,2008,Kyle DeMaster,2,0.7000
MI,2008,Josh Williams,2,0.7000
OH,2008,Mike Adams,5,0.9887
OH,2008,Kyle Rudolph,4,0.9832
OH,2008,DeVier Posey,4,0.9769
OH,2008,Devoe Torrence,4,0.9764
OH,2008,Jake Stoneburner,4,0.9637
OH,2008,Brandon Moore,4,0.9436
OH,2008,Michael Zordich,4,0.9307
OH,2008,Dan McCarthy,4,0.9221
OH,2008,Michael Shaw,4,0.9156
OH,2008,Brandon Beachum,4,0.9142
OH,2008,Kevin Koger,4,0.9135
OH,2008,Zebrie Sanders,4,0.9101
OH,2008,Nathan Williams,4,0.9073
OH,2008,Antonio Jeremiah,4,0.8991
OH,2008,Cordale Scott,4,0.8976
OH,2008,Elliott Mealer,4,0.8945
OH,2008,Roy Roundtree,3,0.8813
OH,2008,Taylor Hill,3,0.8791
OH,2008,Fred Craig,3,0.8764
OH,2008,Darius Ashley,3,0.8764
OH,2008,Johnny Adams,3,0.8733
OH,2008,Trey Fairchild,3,0.8622
OH,2008,Zack Stoudt,3,0.8608
OH,2008,Donnie Fletcher,3,0.8590
OH,2008,Doug Rippy,3,0.8590
OH,2008,Rolandis Woodland,3,0.8556
OH,2008,Kenny Anunike,3,0.8556
OH,2008,Zac Dysert,3,0.8556
OH,2008,Matt Mihalik,3,0.8556
OH,2008,Whitney Mercilus,3,0.8542
OH,2008,Steve Gardiner,3,0.8542
OH,2008,George White,3,0.8516
OH,2008,Jake Current,3,0.8510
OH,2008,Ike Iloegbu,3,0.8448
OH,2008,Briggs Orsbon,3,0.8372
OH,2008,Will Fleming,3,0.8354
OH,2008,Greg Scruggs,3,0.8337
OH,2008,Bakari Bussey,3,0.8337
OH,2008,Nick Truesdell,3,0.8333
OH,2008,Steve Greer,3,0.8333
OH,2008,Kevin Harper,3,0.8333
OH,2008,Josh Richardson,3,0.8333
OH,2008,Kenny Veal,3,0.8319
OH,2008,Ryan Radcliff,3,0.8306
OH,2008,Jeremy Ebert,3,0.8212
OH,2008,Jamiihr Williams,3,0.8181
OH,2008,Sal Battles,3,0.8163
OH,2008,Luke Kelly,3,0.8115
OH,2008,Jordan Miller,3,0.8111
OH,2008,Corey Freeman,3,0.8111
OH,2008,Rick Schmeig,3,0.8111
OH,2008,Joey Madsen,3,0.8111
OH,2008,Blaec Walker,3,0.8083
OH,2008,Chad Hounshell,3,0.8073
OH,2008,Aaron Van Kuiken,3,0.8072
OH,2008,David Rolf,3,0.8010
OH,2008,Damien McIntosh,3,0.8009
OH,2008,"Larry Black, Jr.",3,0.8007
OH,2008,Marc Stevens,3,0.7990
OH,2008,William Lowe,2,0.7962
OH,2008,Ike Washington,2,0.7927
OH,2008,Andy Cruse,2,0.7927
OH,2008,J.K. Schaffer,2,0.7924
OH,2008,Aaron Pankratz,2,0.7889
OH,2008,Ravelle Sadler,2,0.7889
OH,2008,Phillip Manley,2,0.7861
OH,2008,Evan Klepec,2,0.7861
OH,2008,Mike McCarthy,2,0.7847
OH,2008,Evan Davis,2,0.7847
OH,2008,Joshua Smith,2,0.7833
OH,2008,Isaiah Ballard,2,0.7819
OH,2008,Andrew Phelan,2,0.7816
OH,2008,Patrick Omameh,2,0.7816
OH,2008,James Cravens,2,0.7799
OH,2008,Juandez Brown,2,0.7771
OH,2008,Steve Bigach,2,0.7753
OH,2008,Brad Bednar,2,0.7736
OH,2008,Stephon Ball,2,0.7722
OH,2008,Vincent Harris,2,0.7701
OH,2008,Joe Pachuta,2,0.7667
OH,2008,Travis Kelce,2,0.7667
OH,2008,Mike Chacksfield,2,0.7667
OH,2008,Kenny Stafford,2,0.7667
OH,2008,Keith Morgan,2,0.7667
OH,2008,Chandler Burden,2,0.7667
OH,2008,Jordan Thompson,2,0.7667
OH,2008,Hank Keighley,2,0.7667
OH,2008,Winston Etheridge,2,0.7667
OH,2008,Dominique Sherrer,2,0.7667
OH,2008,Rodney Stewart,2,0.7667
OH,2008,Seamus Garvey,2,0.7667
OH,2008,Joe Gaglione,2,0.7667
OH,2008,Vince Carlotta,2,0.7667
OH,2008,Jay Taylor,2,0.7667
OH,2008,Justin Thompson,2,0.7667
OH,2008,Brian Wagner,2,0.7667
OH,2008,Troy Gilmer,2,0.7611
OH,2008,Darius Reeves,2,0.7500
OH,2008,Corey Brown,2,0.7469
OH,2008,Jerry Phillips,2,0.7444
OH,2008,Darrion Brown,2,0.7444
OH,2008,Teddy Jennings,2,0.7444
OH,2008,Lane Robilotto,2,0.7444
OH,2008,Josh Kline,2,0.7444
OH,2008,Quentin Sims,2,0.7444
OH,2008,D.J. Brown,2,0.7444
OH,2008,Chip Robinson,2,0.7444
OH,2008,Eric Herman,2,0.7444
OH,2008,Torieal Gibson,2,0.7444
OH,2008,Drew Serruto,2,0.7444
OH,2008,Evan Luxenburg,2,0.7444
OH,2008,David Dick,2,0.7444
OH,2008,Tim Marlowe,2,0.7444
OH,2008,Matt Rinehart,2,0.7444
OH,2008,Nate Schuler,2,0.7444
OH,2008,Tim German,2,0.7444
OH,2008,Adam Bice,2,0.7444
OH,2008,Steve Yoder,2,0.7438
OH,2008,Rhyne Ladrach,2,0.7222
OH,2008,Trevor Walls,2,0.7222
OH,2008,Steve Schott,2,0.7222
OH,2008,Anthony Stover,2,0.7000
OH,2008,Joshua Greene,2,0.7000
OH,2008,Andrew Colosimo,2,0.7000
OH,2008,Andrew Robiskie,2,0.7000
OH,2008,Adam Morris,2,0.7000
OH,2008,Jonathan Davis,2,0.7000
OH,2008,Jared Province,2,0.7000
OH,2008,Anthony Washington,2,0.7000
OH,2008,Ryan Kuhlman,2,0.7000
OH,2008,Nicholas Tuminello,2,0.7000
OH,2008,Matthew Weller,2,0.7000
OH,2008,Mark Nelson,2,0.7000
OH,2008,Andre Dawson,2,0.7000
MI,2009,Edwin Baker,4,0.9554
MI,2009,William Campbell,4,0.9525
MI,2009,Chris Norman,4,0.9239
MI,2009,Andrew Maxwell,4,0.9154
MI,2009,James Jackson,4,0.8971
MI,2009,Larry Caper,4,0.8958
MI,2009,Cameron Gordon,4,0.8909
MI,2009,Dion Sims,4,0.8906
MI,2009,Donald Spencer,3,0.8875
MI,2009,Blake Treadwell,3,0.8844
MI,2009,Reid Fragel,3,0.8801
MI,2009,Jeremy Gainer,3,0.8781
MI,2009,Teric Jones,3,0.8764
MI,2009,Bennie Fowler,3,0.8622
MI,2009,Kenneth Watkins,3,0.8622
MI,2009,Jeff Fantuzzi,3,0.8604
MI,2009,Zac Matthias,3,0.8590
MI,2009,Robert Bell,3,0.8556
MI,2009,Shamari Benton,3,0.8510
MI,2009,Thomas Gordon,3,0.8510
MI,2009,Micajah Reynolds,3,0.8510
MI,2009,Justin Semmes,3,0.8479
MI,2009,Jamonne Chester,3,0.8479
MI,2009,Charles Chapman,3,0.8463
MI,2009,Dylan Farrington,3,0.8417
MI,2009,Mitch Kessel,3,0.8399
MI,2009,Dana Dixon,3,0.8385
MI,2009,Will Schwarz,3,0.8385
MI,2009,Adam Fenton,3,0.8354
MI,2009,Aaron McCord,3,0.8306
MI,2009,Drew Moulton,3,0.8274
MI,2009,Josh Hadel,3,0.8226
MI,2009,Ali Alaboody,3,0.8087
MI,2009,Nolan Procter,3,0.8083
MI,2009,DeMarkus Bracy,3,0.8083
MI,2009,Austin Collier,3,0.8083
MI,2009,Chris Blair,3,0.8021
MI,2009,Kevin Muma,3,0.8003
MI,2009,Ryan Paxson,2,0.7958
MI,2009,David Box,2,0.7958
MI,2009,Tyler Van Tubbergen,2,0.7935
MI,2009,Kyle Bryant,2,0.7927
MI,2009,Jason Johnson,2,0.7913
MI,2009,Abdallah Homayed,2,0.7889
MI,2009,Ronnie Goble,2,0.7865
MI,2009,Orlando McCord,2,0.7753
MI,2009,Jerrod Dillard,2,0.7667
MI,2009,Kyle Lark,2,0.7667
MI,2009,Jacob Pedersen,2,0.7667
MI,2009,Evan Ray,2,0.7667
MI,2009,Garrett Hoskins,2,0.7667
MI,2009,Jon Czerwienski,2,0.7667
MI,2009,Cody Wilson,2,0.7667
MI,2009,Eric Fisher,2,0.7667
MI,2009,Damond Smith,2,0.7667
MI,2009,Zurlon Tipton,2,0.7667
MI,2009,Matthew Boyd,2,0.7667
MI,2009,Justice Akuezue,2,0.7444
MI,2009,A.J. Westendorp,2,0.7444
MI,2009,Corey Sueing,2,0.7444
OH,2009,Jamie Wood,4,0.9619
OH,2009,Melvin Fellows,4,0.9547
OH,2009,Justin Turner,4,0.9546
OH,2009,C.J. Barnett,4,0.9530
OH,2009,Marcus Hall,4,0.9471
OH,2009,Jack Mewhort,4,0.9384
OH,2009,Isaiah Bell,4,0.9233
OH,2009,John Simon,4,0.9183
OH,2009,Corey Linsley,4,0.9152
OH,2009,Chris Fields,4,0.9118
OH,2009,D.J. Hunter,4,0.9102
OH,2009,Bud Golden,4,0.9013
OH,2009,Storm Klein,4,0.8971
OH,2009,Chris Williams,4,0.8960
OH,2009,Fitzgerald Toussaint,4,0.8928
OH,2009,Chris Snook,3,0.8900
OH,2009,Bradley McDougald,3,0.8874
OH,2009,Mike Edwards,3,0.8873
OH,2009,Davon Custis,3,0.8847
OH,2009,Dan Fox,3,0.8813
OH,2009,Jonathan Newsome,3,0.8801
OH,2009,Nate Klatt,3,0.8781
OH,2009,Cornellius Carradine,3,0.8778
OH,2009,Sam Longo,3,0.8764
OH,2009,Adam Bellamy,3,0.8764
OH,2009,Will Studlien,3,0.8733
OH,2009,Bryan Underwood,3,0.8733
OH,2009,Luke Kuechly,3,0.8684
OH,2009,Pat Muldoon,3,0.8670
OH,2009,Adam Homan,3,0.8653
OH,2009,Hugh Thornton,3,0.8639
OH,2009,Patrick White,3,0.8639
OH,2009,Denicos Allen,3,0.8622
OH,2009,Maalik Bomar,3,0.8622
OH,2009,Chris Freeman,3,0.8622
OH,2009,Brian Wozniak,3,0.8622
OH,2009,Ted Bolser,3,0.8622
OH,2009,Dan France,3,0.8608
OH,2009,Mike Marrow,3,0.8604
OH,2009,John Prior,3,0.8590
OH,2009,Brad Rogers,3,0.8559
OH,2009,Zach Boren,3,0.8559
OH,2009,Patrick Nicely,3,0.8545
OH,2009,Jeff Walker,3,0.8528
OH,2009,Ryan Spiker,3,0.8528
OH,2009,Austen Bujnoch,3,0.8528
OH,2009,Henry Conway,3,0.8510
OH,2009,Steve Hull,3,0.8510
OH,2009,Branko Busick,3,0.8510
OH,2009,Dale Peterman,3,0.8497
OH,2009,Josh Jones,3,0.8497
OH,2009,Everett Horne,3,0.8479
OH,2009,Jeff Duckworth,3,0.8479
OH,2009,Ryan Cheek,3,0.8479
OH,2009,Jordan Paschal,3,0.8451
OH,2009,Ricky Harris,3,0.8417
OH,2009,Pat McShane,3,0.8417
OH,2009,Jake Brandt,3,0.8417
OH,2009,Chris Borland,3,0.8417
OH,2009,Nate Cadogan,3,0.8403
OH,2009,Pat Hinkel,3,0.8399
OH,2009,Brian Slack,3,0.8399
OH,2009,John Anevski,3,0.8385
OH,2009,Adam Replogle,3,0.8372
OH,2009,Devontae Payne,3,0.8337
OH,2009,Nate Freese,3,0.8319
OH,2009,Tyler Scott,3,0.8306
OH,2009,Cody Pettit,3,0.8306
OH,2009,Austin Moore,3,0.8274
OH,2009,Aunre Davis,3,0.8257
OH,2009,Eric Page,3,0.8257
OH,2009,Darwin Cook,3,0.8257
OH,2009,Jordan Hopgood,3,0.8257
OH,2009,Erik Finklea,3,0.8243
OH,2009,Dwayne Woods,3,0.8243
OH,2009,Micah Hyde,3,0.8243
OH,2009,Javon Cornley,3,0.8243
OH,2009,Blake Annen,3,0.8226
OH,2009,Michael Hilty,3,0.8226
OH,2009,Perez Ashford,3,0.8212
OH,2009,Jake Feldmeyer,3,0.8181
OH,2009,Brian Smith,3,0.8146
OH,2009,Tim Moore,3,0.8146
OH,2009,Jerel Worthy,3,0.8137
OH,2009,Bryan Wagner,3,0.8132
OH,2009,Dan Molls,3,0.8132
OH,2009,Zakee Bashir,3,0.8115
OH,2009,Corey Freeman,3,0.8111
OH,2009,Romel Dismuke,3,0.8101
OH,2009,Alex Bayer,3,0.8101
OH,2009,John Pettigrew,3,0.8087
OH,2009,Derek Hoebing,3,0.8087
OH,2009,Adam Schneid,3,0.8087
OH,2009,Stephen Houston,3,0.8083
OH,2009,Anthony Talbert,3,0.8083
OH,2009,Jeremy Johnson,3,0.8083
OH,2009,Javon Marshall,3,0.8083
OH,2009,Sean McClellan,3,0.8069
OH,2009,Austin Boucher,3,0.8052
OH,2009,Colton Griffis,3,0.8052
OH,2009,Tyler Harrell,3,0.8038
OH,2009,Roman Lawson,3,0.8021
OH,2009,Danny Gress,3,0.7990
OH,2009,Tyler Arend,3,0.7990
OH,2009,Brian Smith,3,0.7986
OH,2009,Tim Edmond,3,0.7986
OH,2009,Mark Mays,2,0.7889
OH,2009,Evan Wiley,2,0.7889
OH,2009,Damon Sims,2,0.7889
OH,2009,Joe Vidovic,2,0.7889
OH,2009,Deji Olatoye,2,0.7889
OH,2009,Terrence Owens,2,0.7870
OH,2009,Randy Greenwood,2,0.7865
OH,2009,Jairus Campbell,2,0.7778
OH,2009,Anthony Shoemaker,2,0.7719
OH,2009,Luke Batton,2,0.7667
OH,2009,Eric Jordan,2,0.7667
OH,2009,Collin Boucher,2,0.7667
OH,2009,T.J. Fatinikun,2,0.7667
OH,2009,Adam Steiner,2,0.7667
OH,2009,Joey Parris,2,0.7667
OH,2009,Anthony Meriwether,2,0.7667
OH,2009,Tristin Marvin,2,0.7667
OH,2009,Max Plunkett,2,0.7667
OH,2009,Brian Winters,2,0.7667
OH,2009,Tim Kynard,2,0.7667
OH,2009,Jordan Houser,2,0.7667
OH,2009,David Anderson,2,0.7667
OH,2009,Mario Dovell,2,0.7667
OH,2009,Bernard Pinckney,2,0.7667
OH,2009,Drew Stevens,2,0.7667
OH,2009,Erique Geiger,2,0.7625
OH,2009,Richard Steele,2,0.7563
OH,2009,Alex Gillett,2,0.7444
OH,2009,Greg Davison,2,0.7438
OH,2009,Josh Couch,2,0.7222
OH,2009,Garrett Gronowski,2,0.7222
OH,2009,Blake Fraley,2,0.7222
OH,2009,Sam Johnson,2,0.7000
OH,2009,Ben Pike,2,0.7000
OH,2009,Zac Kerin,2,0.7000
OH,2009,Jeffvon Gill,2,0.7000
OH,2009,Vince German,2,0.7000
OH,2009,Jacob Dooley,2,0.7000
MI,2010,William Gholston,5,0.9899
MI,2010,Devin Gardner,4,0.9677
MI,2010,Rob Bolden,4,0.9568
MI,2010,Dior Mathis,4,0.9358
MI,2010,C.J. Olaniyan,4,0.9251
MI,2010,Max Bullough,4,0.9095
MI,2010,Mylan Hicks,4,0.8999
MI,2010,Johnathan Hankins,4,0.8932
MI,2010,Joe Boisture,3,0.8844
MI,2010,Austin Gray,3,0.8733
MI,2010,Paul Jorgensen,3,0.8684
MI,2010,Nick Hill,3,0.8670
MI,2010,Daniel Easterly,3,0.8653
MI,2010,Earnest Thomas,3,0.8639
MI,2010,Ishmael Thomas,3,0.8622
MI,2010,Mike Sadler,3,0.8573
MI,2010,Jeremy Jackson,3,0.8573
MI,2010,Carl Davis,3,0.8559
MI,2010,Tony Lippett,3,0.8542
MI,2010,Tony Jones,3,0.8510
MI,2010,Mike Sadler,3,0.8493
MI,2010,Taylor Calero,3,0.8479
MI,2010,Austin White,3,0.8462
MI,2010,D.J. Lynch,3,0.8448
MI,2010,Nores Fradi,3,0.8448
MI,2010,Jeremy Langford,3,0.8434
MI,2010,Taylor Calero,3,0.8431
MI,2010,Matt Zakrzewski,3,0.8368
MI,2010,Kevonte Martin-Manley,3,0.8337
MI,2010,Charlie Walker,3,0.8333
MI,2010,Cody Kater,3,0.8198
MI,2010,Bill Ivan,3,0.8163
MI,2010,Mason Krysinski,3,0.8132
MI,2010,Aaron Foster,3,0.8111
MI,2010,Colin Voss,3,0.8111
MI,2010,Kent King,3,0.8111
MI,2010,Blake Goodell,3,0.8111
MI,2010,Michael Johnson,3,0.8111
MI,2010,Michael Kinville,3,0.8111
MI,2010,Connor Kruse,3,0.8111
MI,2010,Marcus Beaurem,3,0.8111
MI,2010,Cody Silk,3,0.8111
MI,2010,Gabe Martin,3,0.8111
MI,2010,Paul Mudgett,3,0.8021
MI,2010,Johnathon Taylor,2,0.7889
MI,2010,Andy Phillips,2,0.7889
MI,2010,Tyler Lombardo,2,0.7889
MI,2010,Joe Wirth,2,0.7889
MI,2010,Leterrius Walton,2,0.7889
MI,2010,Ben Brown,2,0.7889
MI,2010,Niko Palazeti,2,0.7889
MI,2010,Kevin King,2,0.7865
MI,2010,Bobby McFadden,2,0.7865
MI,2010,Kelip Goodwin,2,0.7667
MI,2010,Montrel Robinson,2,0.7667
MI,2010,Jon Henry,2,0.7667
MI,2010,Deon Butler,2,0.7667
MI,2010,Joe Stefanski,2,0.7667
MI,2010,Zak Giller,2,0.7667
MI,2010,Justin Ford,1,0.6087
OH,2010,Jordan Hicks,5,0.9962
OH,2010,Andrew Norwell,4,0.9615
OH,2010,Spencer Ware,4,0.9593
OH,2010,Latwan Anderson,4,0.9497
OH,2010,Braylon Heard,4,0.9489
OH,2010,Matt James,4,0.9471
OH,2010,Skyler Burkland,4,0.9414
OH,2010,Christian Bryant,4,0.9369
OH,2010,Jamel Turner,4,0.9181
OH,2010,Darryl Baldwin,4,0.9171
OH,2010,Alex Welch,4,0.9124
OH,2010,Andrew Donnal,4,0.9041
OH,2010,Skyler Schofner,4,0.9032
OH,2010,Andrew Hendrix,4,0.8999
OH,2010,Alex Smith,4,0.8974
OH,2010,Dominique Brown,4,0.8958
OH,2010,Jibreel Black,4,0.8944
OH,2010,Scott McVey,4,0.8918
OH,2010,T.Y. Williams,4,0.8914
OH,2010,Jerald Robinson,3,0.8863
OH,2010,Christian Pace,3,0.8795
OH,2010,Matt Rotheram,3,0.8795
OH,2010,J.T. Moore,3,0.8769
OH,2010,Kevin Schloemer,3,0.8764
OH,2010,Davion Rogers,3,0.8764
OH,2010,Bobby Swigert,3,0.8764
OH,2010,Mark Myers,3,0.8750
OH,2010,Mike Dorsey,3,0.8733
OH,2010,Andre Givens,3,0.8733
OH,2010,Solomon Tentman,3,0.8701
OH,2010,Terry Talbott,3,0.8670
OH,2010,Marcus Rush,3,0.8653
OH,2010,Erick Howard,3,0.8653
OH,2010,James Morris,3,0.8639
OH,2010,Jake Ryan,3,0.8622
OH,2010,Kurtis Drummond,3,0.8622
OH,2010,Jewone Snow,3,0.8622
OH,2010,Michael Dorsey,3,0.8600
OH,2010,Travis Jackson,3,0.8600
OH,2010,Derrick Bryant,3,0.8590
OH,2010,Preston Brown,3,0.8590
OH,2010,Luke Massa,3,0.8576
OH,2010,Jimmy Hall,3,0.8559
OH,2010,Jayrone Elliott,3,0.8559
OH,2010,Tim O'Conner,3,0.8556
OH,2010,Rashad Frazier,3,0.8556
OH,2010,Marcus Rush,3,0.8546
OH,2010,D.J. Williamson,3,0.8542
OH,2010,Clint Shepherd,3,0.8542
OH,2010,Terrence Talbott,3,0.8542
OH,2010,Arryn Chenault,3,0.8528
OH,2010,Chi Chi Ariguzo,3,0.8528
OH,2010,Dan Schneider,3,0.8510
OH,2010,Antonio Kinard,3,0.8510
OH,2010,Josh Harrison,3,0.8479
OH,2010,Willie Tatum,3,0.8479
OH,2010,Josh Davis,3,0.8448
OH,2010,Robert Partridge,3,0.8448
OH,2010,Cody Byers,3,0.8448
OH,2010,James Gordon,3,0.8448
OH,2010,Cameron Cole,3,0.8448
OH,2010,Josh Russ,3,0.8448
OH,2010,Chase Hammond,3,0.8417
OH,2010,Chase Hoobler,3,0.8417
OH,2010,Derek Roback,3,0.8417
OH,2010,Brendan Carozzoni,3,0.8417
OH,2010,Pete Bachman,3,0.8417
OH,2010,Jorian Hudson,3,0.8399
OH,2010,Prince-Tyson Gulley,3,0.8399
OH,2010,Teven Eatmon,3,0.8399
OH,2010,Tyler Brause,3,0.8385
OH,2010,C.J. Bryant,3,0.8385
OH,2010,Courtney Avery,3,0.8385
OH,2010,Quintin Cooper,3,0.8385
OH,2010,Michael Dennis,3,0.8368
OH,2010,Soloman Tentman,3,0.8356
OH,2010,Verlon Reed,3,0.8340
OH,2010,Justin Favors,3,0.8337
OH,2010,Ryan Phillis,3,0.8337
OH,2010,Tyon Dixon,3,0.8337
OH,2010,Steve Mehrer,3,0.8333
OH,2010,Keith Wenning,3,0.8333
OH,2010,Brad Harrah,3,0.8333
OH,2010,Greg Mancz,3,0.8333
OH,2010,John James,3,0.8319
OH,2010,Carey Spear,3,0.8319
OH,2010,Luke Wollet,3,0.8306
OH,2010,Jeff Tanner,3,0.8306
OH,2010,Micah Robinson,3,0.8306
OH,2010,Anthony Hitchens,3,0.8306
OH,2010,Dwight Macon,3,0.8292
OH,2010,Seth Cunningham,3,0.8274
OH,2010,Ryland Ward,3,0.8274
OH,2010,Anthony Stryffeler,3,0.8257
OH,2010,Odis Prunty,3,0.8243
OH,2010,Isaiah Byler,3,0.8226
OH,2010,Nick McKnight,3,0.8226
OH,2010,Justin Stumph,3,0.8212
OH,2010,Sam Miller,3,0.8194
OH,2010,David Schneider,3,0.8194
OH,2010,Derek Orr,3,0.8194
OH,2010,Anthony Ritossa,3,0.8194
OH,2010,Aaron Morris,3,0.8194
OH,2010,Alex Zordich,3,0.8194
OH,2010,Jerry Gates,3,0.8194
OH,2010,Cameron Cole,3,0.8188
OH,2010,Avery Cunningham,3,0.8163
OH,2010,Jamaal Tarrent,3,0.8163
OH,2010,Dominic Flewellyn,3,0.8163
OH,2010,Antonio Banks,3,0.8163
OH,2010,Simon Cvijanovic,3,0.8163
OH,2010,Lewellyn Coker,3,0.8163
OH,2010,Caleb Watkins,3,0.8163
OH,2010,Harrison Scott,3,0.8149
OH,2010,Le'Veon Bell,3,0.8149
OH,2010,Anthony Schrock,3,0.8132
OH,2010,Zack Hitchens,3,0.8132
OH,2010,Heath Jackson,3,0.8132
OH,2010,Nick Galvin,3,0.8132
OH,2010,Jamar Williams,3,0.8132
OH,2010,Cameron Ontko,3,0.8118
OH,2010,Ray Vinopal,3,0.8118
OH,2010,Eric Lefeld,3,0.8111
OH,2010,Corey Mason,3,0.8111
OH,2010,Caleb Southworth,3,0.8111
OH,2010,Darius Gilbert,3,0.8111
OH,2010,Josh Hendershot,3,0.8111
OH,2010,Shaquille Jefferson,3,0.8111
OH,2010,Devon McKoy,3,0.8111
OH,2010,Marcus Penn,3,0.8111
OH,2010,Angelo Pruitt,3,0.8083
OH,2010,John Lloyd,3,0.8083
OH,2010,Kyle Snyder,3,0.8069
OH,2010,Ali Kassem,3,0.8069
OH,2010,Jordan Erbes,3,0.8069
OH,2010,Dakota Anderson,3,0.8069
OH,2010,Grant Pleasant,3,0.8069
OH,2010,Zach D'Orazio,3,0.8052
OH,2010,Tony Miliano,3,0.8021
OH,2010,Nathan Carpenter,3,0.8021
OH,2010,Clay Rolf,3,0.8007
OH,2010,Darion Delany,3,0.8000
OH,2010,Jude Adjei-Barimah,3,0.7976
OH,2010,Mark Fackler,2,0.7947
OH,2010,Roosevelt Nix-Jones,2,0.7944
OH,2010,Darion Delaney,2,0.7944
OH,2010,Malcolm Pannell,2,0.7889
OH,2010,Dawalyn Harper,2,0.7889
OH,2010,Carl Washington,2,0.7889
OH,2010,E.J. Tucker,2,0.7889
OH,2010,Lawrence Smith,2,0.7889
OH,2010,Tyler Obringer,2,0.7889
OH,2010,Elias Sayre,2,0.7889
OH,2010,Adam Griffin,2,0.7865
OH,2010,Chase Cochran,2,0.7819
OH,2010,Toney Foster,2,0.7778
OH,2010,Nico Caponi,2,0.7778
OH,2010,Andy Jomantas,2,0.7667
OH,2010,Thad Ingol,2,0.7667
OH,2010,Jack Tomlinson,2,0.7667
OH,2010,Dylan Potts,2,0.7667
OH,2010,Ryan McCollum,2,0.7667
OH,2010,John Steele,2,0.7667
OH,2010,Cory Keebler,2,0.7667
OH,2010,Ray Bush,2,0.7667
OH,2010,Doniel Gambrell,2,0.7667
OH,2010,Stefone Grace,2,0.7667
OH,2010,Thaddeus Ingol,2,0.7667
OH,2010,Keenen Gibbs,2,0.7618
OH,2010,Billy Fisher,2,0.7444
MI,2011,DeAnthony Arnett,4,0.9771
MI,2011,Lawrence Thomas,4,0.9758
MI,2011,Justice Hayes,4,0.9442
MI,2011,Brennen Beyer,4,0.9436
MI,2011,Anthony Zettel,4,0.9339
MI,2011,Valdez Showers,4,0.9054
MI,2011,Onaje Miller,3,0.8801
MI,2011,Jake Fisher,3,0.8793
MI,2011,Shawn Conway,3,0.8667
MI,2011,Taiwan Jones,3,0.8665
MI,2011,Ed Davis,3,0.8599
MI,2011,Raymon Taylor,3,0.8566
MI,2011,Jake Duzey,3,0.8479
MI,2011,Kenny Knight,3,0.8428
MI,2011,Thomas Rawls,3,0.8366
MI,2011,Delonte Hollowell,3,0.8366
MI,2011,Damon Knox,3,0.8366
MI,2011,Allen Robinson,3,0.8360
MI,2011,Ashton Gaines,3,0.8316
MI,2011,Desmond Morgan,3,0.8316
MI,2011,Kyle Brindza,3,0.8313
MI,2011,Bernard Taylor,3,0.8272
MI,2011,Ben McCord,3,0.8266
MI,2011,Conor Hart,3,0.8210
MI,2011,Ethan Wirth,3,0.8175
MI,2011,Trent Voss,3,0.8157
MI,2011,Willie Beavers,3,0.8155
MI,2011,Jalen Schlachter,3,0.8116
MI,2011,Alex Niznak,3,0.8116
MI,2011,Kendrick Roberts,3,0.8054
MI,2011,Parker Ehinger,3,0.8042
MI,2011,Kyle Lints,3,0.8016
MI,2011,Eric Crume,3,0.7968
MI,2011,Kenny Nelson,2,0.7959
MI,2011,Shafer Johnson,2,0.7915
MI,2011,Justin Currie,2,0.7758
MI,2011,Jarrell McKinney,2,0.7758
MI,2011,Anthony Garland,2,0.7693
MI,2011,Kyle Foster,2,0.7684
MI,2011,Kishon Wilcher,2,0.7667
MI,2011,Ramadan Ahmeti,2,0.7667
MI,2011,Joe Kerridge,2,0.7667
MI,2011,Dae'von Robinson,2,0.7667
MI,2011,Keith Moore,2,0.7667
MI,2011,Nate Dreslinski,2,0.7667
MI,2011,Chris Laneaux,2,0.7667
MI,2011,Joshua Taylor,2,0.7667
MI,2011,Victor Mattison,2,0.7667
MI,2011,Brandon Tammaro,2,0.7582
MI,2011,Kenny Rogers,2,0.7582
MI,2011,Da'Shawn Bell,2,0.7582
MI,2011,Tim Hamilton,2,0.7582
MI,2011,Devonte Snyder,2,0.7582
MI,2011,Dylan Brooks,2,0.7333
MI,2011,Jarret Chapman,2,0.7333
MI,2011,Courtney Williams,2,0.7333
MI,2011,Spencer Treadwell,2,0.7333
MI,2011,Jason Wilson,2,0.7333
MI,2011,John Jackson,2,0.7333
MI,2011,Tyler Allen,2,0.7333
MI,2011,Jermal Hosley,2,0.7333
MI,2011,Bryan Ford,2,0.7333
MI,2011,Tyler Tucker,2,0.7333
MI,2011,Bronson Hill,2,0.7333
MI,2011,Nick Beamish,2,0.7333
MI,2011,Stefon Armstead,2,0.7333
MI,2011,Ben Randle,2,0.7333
MI,2011,Willie Snead,2,0.7333
MI,2011,Josh Carter,2,0.7000
OH,2011,Braxton Miller,5,0.9847
OH,2011,Trey DePriest,5,0.9846
OH,2011,Michael Bennett,4,0.9736
OH,2011,Doran Grant,4,0.9705
OH,2011,Steve Miller,4,0.9681
OH,2011,Kenny Hayes,4,0.9454
OH,2011,Chase Farris,4,0.9249
OH,2011,Aundrey Walker,4,0.9208
OH,2011,Eilar Hardy,4,0.9142
OH,2011,Nick Vannett,4,0.9116
OH,2011,Antonio Poole,4,0.9096
OH,2011,Ryan Kelly,4,0.9010
OH,2011,Ron Tanner,4,0.8913
OH,2011,Jarrett Grace,3,0.8897
OH,2011,Devin Smith,3,0.8895
OH,2011,Ray Hamilton,3,0.8889
OH,2011,DerJuan Gambrell,3,0.8873
OH,2011,Steven Daniels,3,0.8784
OH,2011,Donavon Clark,3,0.8782
OH,2011,Joel Heath,3,0.8720
OH,2011,RJ Williamson,3,0.8715
OH,2011,Cardale Jones,3,0.8715
OH,2011,Andre Sturdivant,3,0.8702
OH,2011,Shane Wynn,3,0.8681
OH,2011,Nick Grigsby,3,0.8670
OH,2011,Zack Shaw,3,0.8657
OH,2011,Sean Duggan,3,0.8656
OH,2011,Chris Carter,3,0.8640
OH,2011,Chase Hounshell,3,0.8634
OH,2011,Kevin Williams,3,0.8631
OH,2011,Antonio Underwood,3,0.8618
OH,2011,Austin Traylor,3,0.8617
OH,2011,Shaquille Washington,3,0.8609
OH,2011,Patrick Coyne,3,0.8609
OH,2011,Max Pirman,3,0.8584
OH,2011,Deonte Gibson,3,0.8578
OH,2011,Jesse Hayes,3,0.8566
OH,2011,Tommy Brown,3,0.8559
OH,2011,Darius Patton,3,0.8544
OH,2011,Brad Carrico,3,0.8544
OH,2011,Darien Bryant,3,0.8522
OH,2011,Frank Clark,3,0.8516
OH,2011,Chris Dukes,3,0.8513
OH,2011,Cole Stoudt,3,0.8503
OH,2011,Justin Murray,3,0.8497
OH,2011,Brian Mihalik,3,0.8488
OH,2011,Shaquille Petteway,3,0.8487
OH,2011,Cody Latimer,3,0.8487
OH,2011,Justin Olack,3,0.8472
OH,2011,Chris Boles,3,0.8468
OH,2011,Ray Ball,3,0.8466
OH,2011,Robert Mincey,3,0.8451
OH,2011,Antwan Gilbert,3,0.8429
OH,2011,Brandon Mitchell,3,0.8422
OH,2011,Jack Miller,3,0.8416
OH,2011,A.J. Jordan,3,0.8416
OH,2011,Darius Hillary,3,0.8416
OH,2011,Andrew Smith,3,0.8403
OH,2011,Geoff Mogus,3,0.8382
OH,2011,Connor Cook,3,0.8367
OH,2011,Trayion Durham,3,0.8366
OH,2011,Chris Rock,3,0.8366
OH,2011,Max Morrison,3,0.8333
OH,2011,Percy Johnson,3,0.8333
OH,2011,Rakim Reed,3,0.8333
OH,2011,Jamare Mills,3,0.8333
OH,2011,Jake Lindsey,3,0.8333
OH,2011,Tamani Carter,3,0.8316
OH,2011,Mark Murphy,3,0.8306
OH,2011,Benson Browne,3,0.8278
OH,2011,Kyle Cameron,3,0.8232
OH,2011,Rodriquez Coleman,3,0.8215
OH,2011,Nick VanHoose,3,0.8210
OH,2011,Jeremey Whitlow,3,0.8174
OH,2011,Keith Heitzman,3,0.8166
OH,2011,Greg Brown,3,0.8166
OH,2011,Matt Skura,3,0.8126
OH,2011,Mike Replogle,3,0.8110
OH,2011,Marquise Vann,3,0.8104
OH,2011,Kyle Rose,3,0.8089
OH,2011,Chad West,3,0.8073
OH,2011,Alex Huettel,3,0.8066
OH,2011,Antwan Crutcher,3,0.8066
OH,2011,J.D. Detmer,3,0.8039
OH,2011,Joe Thuney,2,0.7965
OH,2011,Akise Teague,2,0.7924
OH,2011,John Lowdermilk,2,0.7853
OH,2011,Eddie Norrils,2,0.7804
OH,2011,Collin Perchinske,2,0.7780
OH,2011,Brandon Jackson,2,0.7726
OH,2011,Robert Walton,2,0.7701
OH,2011,Jay McCants,2,0.7667
OH,2011,Kyle Hammonds,2,0.7667
OH,2011,Bryan Baird,2,0.7667
OH,2011,Tre Moore,2,0.7667
OH,2011,Landon Smith,2,0.7667
OH,2011,Tony Davis,2,0.7667
OH,2011,Miles Fisher,2,0.7667
OH,2011,Logan Pearce,2,0.7667
OH,2011,Trevon Pendleton,2,0.7667
OH,2011,A.J. Fox,2,0.7582
OH,2011,Noah Key,2,0.7519
OH,2011,David Kaminski,2,0.7444
OH,2011,Drew Kaser,2,0.7444
OH,2011,Johnny Robinson,2,0.7382
OH,2011,Dylan Brumbaugh,2,0.7333
OH,2011,Matt Fox,2,0.7333
OH,2011,Kyle Pohl,2,0.7333
OH,2011,Ben Russell,2,0.7333
OH,2011,Terrell Bates,2,0.7333
OH,2011,Eric Price,2,0.7333
OH,2011,Bryce Cheek,2,0.7333
OH,2011,Aaron Macer,2,0.7333
OH,2011,Evan Shimensky,2,0.7333
OH,2011,Nate Terhune,2,0.7333
OH,2011,Anthony Kukwa,2,0.7333
OH,2011,Isaiah Williams,2,0.7333
OH,2011,Tristin Boykin,2,0.7333
OH,2011,Cody Grice,2,0.7333
OH,2011,Jovon Johnson,2,0.7333
OH,2011,Luke Smurthwaite,2,0.7333
OH,2011,Hunter Maynard,2,0.7333
OH,2011,Jason Bitsko,2,0.7333
OH,2011,Avery Bailey,2,0.7333
OH,2011,Chevin Meadows,2,0.7333
OH,2011,Jeremy McCoy,2,0.7333
OH,2011,Mike Brown,2,0.7333
OH,2011,Mike McQueen,2,0.7333
OH,2011,Andrew Bohan,2,0.7333
OH,2011,Trent Toothman,2,0.7333
OH,2011,Brandon Purdum,2,0.7333
OH,2011,Anthony Pruitt,2,0.7333
OH,2011,Andrew Kummer,2,0.7333
OH,2011,Jesse Back,2,0.7333
OH,2011,Gabe Gilbert,2,0.7333
OH,2011,Tyler Williams,2,0.7333
OH,2011,Ian Wells,2,0.7333
OH,2011,Cheatham Norrils,2,0.7333
OH,2011,Diontre Delk,2,0.7333
OH,2011,Jarrell Jones,2,0.7333
OH,2011,Anthone Taylor,2,0.7333
OH,2011,Zach Steinmetz,2,0.7333
OH,2011,Chris Humphrey,2,0.7333
OH,2011,Kyle Payton,2,0.7333
OH,2011,Ron Willoughby,2,0.7333
OH,2011,Kris Strange,2,0.7333
OH,2011,Ben Ingle,2,0.7333
OH,2011,Devonte Morgan,2,0.7333
OH,2011,Tyler Tate,2,0.7333
OH,2011,Grant Venham,2,0.7000
OH,2011,DeVante' Strickland,2,0.7000
MI,2012,Aaron Burbridge,4,0.9590
MI,2012,James Ross,4,0.9499
MI,2012,Royce Jenkins-Stone,4,0.9403
MI,2012,Terry Richardson,4,0.9396
MI,2012,Dennis Norfleet,4,0.9241
MI,2012,Danny O'Brien,4,0.9215
MI,2012,Mario Ojemudia,4,0.9114
MI,2012,Devin Funchess,4,0.9095
MI,2012,Jamal Lyles,4,0.8968
MI,2012,Ronald Thompson,4,0.8948
MI,2012,Matt Godin,4,0.8901
MI,2012,Ben Braden,3,0.8836
MI,2012,Ruben Lile,3,0.8763
MI,2012,Kelby Latta,3,0.8635
MI,2012,Riley Bullough,3,0.8603
MI,2012,Juwan Lewis,3,0.8571
MI,2012,Laron Taylor,3,0.8550
MI,2012,Devin Church,3,0.8544
MI,2012,Brian Blackburn,3,0.8500
MI,2012,Evan Winston,3,0.8478
MI,2012,Kyle Knapp,3,0.8459
MI,2012,Drake Johnson,3,0.8440
MI,2012,Eric Wilson,3,0.8437
MI,2012,Jordan Fields,3,0.8428
MI,2012,Lester Liston,3,0.8393
MI,2012,Kodi Kieler,3,0.8382
MI,2012,Leviticus Payne,3,0.8371
MI,2012,Stephon Hall,3,0.8336
MI,2012,Robert Riche,3,0.8316
MI,2012,Jordan Woods,3,0.8316
MI,2012,Danny Larkins,3,0.8316
MI,2012,Prescott Line,3,0.8244
MI,2012,Dan Gibbs,3,0.8235
MI,2012,Tyler Goble,3,0.8234
MI,2012,Cooper Rush,3,0.8225
MI,2012,Nathan Ricketts,3,0.8181
MI,2012,Kevin Buford,3,0.8139
MI,2012,Brandon Berry,3,0.8119
MI,2012,Efe Scott-Emuakpor,3,0.8048
MI,2012,James White,3,0.8045
MI,2012,Michael Henry,3,0.8025
MI,2012,Matt Doneth,3,0.8003
MI,2012,Saylor Lavallii,3,0.7998
MI,2012,C.J. Brathwaite,2,0.7956
MI,2012,Bill Albert,2,0.7956
MI,2012,Chauncey Briggs,2,0.7949
MI,2012,Daron Brown,2,0.7946
MI,2012,Drake Miller,2,0.7933
MI,2012,Joe Warner,2,0.7930
MI,2012,Donte Fox,2,0.7882
MI,2012,Matthew Thornton,2,0.7876
MI,2012,Alex Zmolik,2,0.7867
MI,2012,Collin Goetz,2,0.7824
MI,2012,Ben Steward,2,0.7822
MI,2012,Andrew Wylie,2,0.7816
MI,2012,Kevin D'Arcy,2,0.7816
MI,2012,Brandon Watkins,2,0.7782
MI,2012,Jabari Dean,2,0.7782
MI,2012,Tony Annese,2,0.7782
MI,2012,Michael Jorde,2,0.7775
MI,2012,Hunter Matt,2,0.7755
MI,2012,Darryl Goldsmith,2,0.7732
MI,2012,Dylan Anderson,2,0.7687
MI,2012,Gabe Sanders,2,0.7667
MI,2012,Marcus Forward,2,0.7667
MI,2012,Kyle Ready,2,0.7667
MI,2012,Taylor Moton,2,0.7643
MI,2012,Louis Palmer,2,0.7632
MI,2012,Joe Bacci,2,0.7612
MI,2012,Sam Tate,2,0.7603
MI,2012,Brian Cleary,2,0.7590
MI,2012,Anthony Scarcelli,2,0.7581
MI,2012,Wes Johnson,2,0.7576
MI,2012,Bryan Green,2,0.7542
MI,2012,Matthew Dellinger,2,0.7531
MI,2012,Kavon Frazier,2,0.7481
MI,2012,Austin Aurand,2,0.7481
MI,2012,Spencer McInnis,2,0.7481
MI,2012,Connor Collins,2,0.7475
MI,2012,Amos Houston,2,0.7431
MI,2012,Will Rembert,2,0.7431
MI,2012,John Waller,2,0.7431
MI,2012,Winslow Chapman,2,0.7431
MI,2012,Garrett Fuhrman,2,0.7398
MI,2012,Shane Barron,2,0.7381
MI,2012,T.J. Beelen,2,0.7381
MI,2012,Sam Brunner,2,0.7333
MI,2012,Neal Page,2,0.7333
MI,2012,Tyree Monroe,2,0.7331
MI,2012,Matthew Eleweke,2,0.7298
MI,2012,Kenny Allen,2,0.7098
MI,2012,Anthony Brooks,2,0.7000
MI,2012,Taybor Pepper,2,0.7000
OH,2012,Adolphus Washington,5,0.9895
OH,2012,Kyle Kalis,4,0.9775
OH,2012,Ifeadi Odenigbo,4,0.9688
OH,2012,Joe Bolden,4,0.9646
OH,2012,Se'Von Pittman,4,0.9582
OH,2012,Bri'onte Dunn,4,0.9564
OH,2012,Chris Wormley,4,0.9456
OH,2012,Joshua Perry,4,0.9436
OH,2012,Taylor Decker,4,0.9326
OH,2012,Tom Strobel,4,0.9284
OH,2012,Pharaoh Brown,4,0.9260
OH,2012,De'van Bogard,4,0.9232
OH,2012,Warren Ball,4,0.9227
OH,2012,Kyle Dodson,4,0.9225
OH,2012,Jarrod Wilson,4,0.9145
OH,2012,Will Mahone,4,0.9140
OH,2012,Monty Madaris,4,0.9131
OH,2012,Greg McMullen,4,0.9099
OH,2012,Maty Mauk,4,0.8991
OH,2012,Dwayne Stanford,4,0.8966
OH,2012,AJ Williams,4,0.8964
OH,2012,Najee Murray,4,0.8950
OH,2012,Tyler O'Connor,3,0.8855
OH,2012,Kaleb Ringer,3,0.8834
OH,2012,Demitrious Davis,3,0.8832
OH,2012,LaTroy Lewis,3,0.8828
OH,2012,Frank Epitropoulos,3,0.8819
OH,2012,Tyler Orlosky,3,0.8799
OH,2012,Tyvis Powell,3,0.8796
OH,2012,Roger Lewis,3,0.8785
OH,2012,Marcus Foster,3,0.8782
OH,2012,Blake Thomas,3,0.8768
OH,2012,Joe Spencer,3,0.8766
OH,2012,Bam Bradley,3,0.8761
OH,2012,Cameron Wilson,3,0.8758
OH,2012,Benny McGowan,3,0.8751
OH,2012,Jacoby Boren,3,0.8735
OH,2012,Zach Higgins,3,0.8732
OH,2012,Sam Grant,3,0.8707
OH,2012,Myles Hilliard,3,0.8680
OH,2012,Sebastian Smith,3,0.8664
OH,2012,Austin Appleby,3,0.8643
OH,2012,Brandyn Cook,3,0.8631
OH,2012,Caleb Stacey,3,0.8590
OH,2012,Ross Martin,3,0.8590
OH,2012,Greg Kuhar,3,0.8589
OH,2012,Alden Hill,3,0.8588
OH,2012,Evan Jones,3,0.8529
OH,2012,Chris Davis,3,0.8527
OH,2012,Anthony Stanko,3,0.8524
OH,2012,Tanner Kearns,3,0.8489
OH,2012,Allen Gant,3,0.8487
OH,2012,DeShawn Dowdy,3,0.8483
OH,2012,Alex Pace,3,0.8478
OH,2012,Luke Roberts,3,0.8473
OH,2012,Sean Draper,3,0.8468
OH,2012,Darryl Render,3,0.8467
OH,2012,Willie Henry,3,0.8437
OH,2012,Ryan Leahy,3,0.8437
OH,2012,V'Angelo Bentley,3,0.8429
OH,2012,Pat Elflein,3,0.8419
OH,2012,Kevin Houchins,3,0.8416
OH,2012,James Sanford,3,0.8416
OH,2012,Jermaine Edmondson,3,0.8416
OH,2012,Trae Clark,3,0.8396
OH,2012,Jeremy Graves,3,0.8393
OH,2012,Tony Matteo,3,0.8388
OH,2012,Nana Kyeremeh,3,0.8382
OH,2012,Terrell Jackson,3,0.8377
OH,2012,Andre Jones,3,0.8368
OH,2012,Kent Playko,3,0.8363
OH,2012,Terry Davis,3,0.8357
OH,2012,Cody Quinn,3,0.8356
OH,2012,Kyle Williamson,3,0.8353
OH,2012,Zach Myers,3,0.8337
OH,2012,T.C. Klusman,3,0.8317
OH,2012,Lakeith Walls,3,0.8316
OH,2012,Mason Monheim,3,0.8300
OH,2012,Mark Meyers,3,0.8278
OH,2012,Antonio Johnson,3,0.8274
OH,2012,Alex Todd,3,0.8235
OH,2012,E.J. Junior,3,0.8188
OH,2012,Darren McGinnis,3,0.8176
OH,2012,Zach Edwards,3,0.8174
OH,2012,Quincy Jones,3,0.8165
OH,2012,Justin Hardee,3,0.8140
OH,2012,Michael Roberts,3,0.8124
OH,2012,Adam Pankey,3,0.8079
OH,2012,LeRoy Alexander,3,0.8069
OH,2012,John Tanner,3,0.8069
OH,2012,Collin Michael,3,0.8055
OH,2012,Jaylen Prater,3,0.8053
OH,2012,Eric Williams,3,0.8015
OH,2012,Chris Fairchild,3,0.8002
OH,2012,Jamire Westbrook,3,0.7998
OH,2012,Jason O'Bryan,3,0.7981
OH,2012,Storm Norton,3,0.7975
OH,2012,Craig Runyan,2,0.7965
OH,2012,Dawson Fletcher,2,0.7931
OH,2012,Nate Hoff,2,0.7915
OH,2012,Kyle Crum,2,0.7914
OH,2012,Azarie Battle,2,0.7900
OH,2012,Kurt Laseak,2,0.7895
OH,2012,Michael Ebert,2,0.7877
OH,2012,Raymond Marlow Jr.,2,0.7877
OH,2012,Christian Hauber,2,0.7866
OH,2012,Jhalil Croley,2,0.7865
OH,2012,Marcus Remy,2,0.7862
OH,2012,Darien Terrell,2,0.7860
OH,2012,Josh Dooley,2,0.7832
OH,2012,Steven Bell,2,0.7831
OH,2012,Kevin Mills,2,0.7816
OH,2012,Armani Miller,2,0.7814
OH,2012,Miles Eaton,2,0.7797
OH,2012,Quaison Osborne,2,0.7781
OH,2012,Colin Reardon,2,0.7780
OH,2012,Troy Watson,2,0.7766
OH,2012,Bryce Jones,2,0.7757
OH,2012,Dalton Chapman,2,0.7746
OH,2012,Joe Burger,2,0.7732
OH,2012,Jordan Italiano,2,0.7732
OH,2012,Sean Connolly,2,0.7724
OH,2012,Anthony Zappone,2,0.7715
OH,2012,Mason Schreck,2,0.7713
OH,2012,Jacob Bennett,2,0.7691
OH,2012,James Henry,2,0.7690
OH,2012,Jay Mastin,2,0.7682
OH,2012,Jimmy Rousher,2,0.7675
OH,2012,Nick Custer,2,0.7675
OH,2012,Billy Eakins,2,0.7667
OH,2012,Dayne Hammond,2,0.7667
OH,2012,Austin Jones,2,0.7667
OH,2012,Aykee Henderson,2,0.7667
OH,2012,Jalen Robinette,2,0.7667
OH,2012,DaShawn Hall,2,0.7667
OH,2012,Tres Barksdale,2,0.7667
OH,2012,Austin Stock,2,0.7667
OH,2012,Nick Wargo,2,0.7667
OH,2012,Sae'Von Fitzgerald,2,0.7667
OH,2012,Tyler Jackman,2,0.7667
OH,2012,Anthony Melchiori,2,0.7664
OH,2012,Devin Campbell,2,0.7632
OH,2012,Carlutorbantu Zaramo,2,0.7632
OH,2012,Austin Gearing,2,0.7632
OH,2012,Nathan Gerbus,2,0.7624
OH,2012,Reno Reda,2,0.7616
OH,2012,Conor Hundley,2,0.7616
OH,2012,Bryson Albright,2,0.7609
OH,2012,Alex Nielsen,2,0.7583
OH,2012,Mike Svetina,2,0.7581
OH,2012,Tad France,2,0.7550
OH,2012,Curtis Black,2,0.7542
OH,2012,Daryan Martin,2,0.7531
OH,2012,Aaron Woosley,2,0.7531
OH,2012,Kent Kern,2,0.7531
OH,2012,Chris Barr,2,0.7498
OH,2012,Mike Sventina,2,0.7498
OH,2012,Brice Fackler,2,0.7481
OH,2012,Malcolm Robinson,2,0.7481
OH,2012,Dylan Coombs,2,0.7481
OH,2012,Jalen Noble,2,0.7431
OH,2012,Jake Kincaid,2,0.7431
OH,2012,Christopher Collins,2,0.7398
OH,2012,Denzell Burton,2,0.7381
OH,2012,Stewart Turner,2,0.7381
OH,2012,Marcus Davis,2,0.7333
OH,2012,Arlington McClinton,2,0.7333
OH,2012,Jack Snowball,2,0.7333
OH,2012,Jason Stargel,2,0.7333
OH,2012,Jody Webb,2,0.7333
OH,2012,Andrew Pratt,2,0.7333
OH,2012,Josh Smith,2,0.7333
OH,2012,J. Schroeder,2,0.7333
OH,2012,Mike Brown,2,0.7331
OH,2012,Izaah Lunsford,2,0.7331
OH,2012,Greg Bender,2,0.7331
OH,2012,Kirkland Bryant,2,0.7331
OH,2012,Travis Nees,2,0.7331
OH,2012,James Turner,2,0.7331
OH,2012,Tyler Grassman,2,0.7331
OH,2012,Arron Pipkins,2,0.7000
OH,2012,Charles Chandler,2,0.7000
OH,2012,Benny Cunningham,1,0.6998
MI,2013,Shane Morris,4,0.9695
MI,2013,David Dawson,4,0.9552
MI,2013,Steve Elmer,4,0.9467
MI,2013,Jourdan Lewis,4,0.9467
MI,2013,Jon Reschke,4,0.9194
MI,2013,Delano Hill,4,0.8953
MI,2013,Wyatt Shallman,4,0.8953
MI,2013,Dennis Finley,4,0.8913
MI,2013,Riley Norman,4,0.8901
MI,2013,Cameron Dillard,3,0.8712
MI,2013,Csont'e York,3,0.8634
MI,2013,Berkley Edwards,3,0.8599
MI,2013,Khalid Hill,3,0.8575
MI,2013,Gerald Holmes,3,0.8568
MI,2013,Kenton Gibbs,3,0.8543
MI,2013,Luke Maclean,3,0.8511
MI,2013,Da'Mario Jones,3,0.8509
MI,2013,Josh Jones,3,0.8505
MI,2013,Jaleel Canty,3,0.8438
MI,2013,Kenny Knight,3,0.8428
MI,2013,Teo Redding,3,0.8362
MI,2013,Brandon Moore,3,0.8333
MI,2013,Desmond King,3,0.8328
MI,2013,Derek Edwards,3,0.8315
MI,2013,Darius Phillips,3,0.8299
MI,2013,Jesse Chadwell,3,0.8282
MI,2013,Isaiah Gourdine,3,0.8281
MI,2013,Poet Thomas,3,0.8281
MI,2013,Mark Chapman,3,0.8265
MI,2013,Corey Willis,3,0.8260
MI,2013,Mycial Allen,3,0.8249
MI,2013,DeJuan Rogers,3,0.8241
MI,2013,Tyler White,3,0.8203
MI,2013,Peter Cender,3,0.8136
MI,2013,Vinnie Palazeti,3,0.8122
MI,2013,Haris Vrabac,3,0.8113
MI,2013,Brandon Bean,3,0.8111
MI,2013,Gairus Coleman,3,0.8100
MI,2013,Cameron Thomas,3,0.8074
MI,2013,Leon Alexander,3,0.8065
MI,2013,Jamarl Eiland,3,0.8060
MI,2013,Nate Jeppesen,3,0.8015
MI,2013,Demetrius Stinson,3,0.7982
MI,2013,Josh Cox,3,0.7979
MI,2013,Austin Doan,2,0.7958
MI,2013,Zach Crouch,2,0.7937
MI,2013,Grant Niemiec,2,0.7932
MI,2013,Daniel Davis,2,0.7914
MI,2013,Jack Ford,2,0.7914
MI,2013,Josh Bass,2,0.7912
MI,2013,Michael Steinhauer,2,0.7890
MI,2013,Nathan Bossory,2,0.7889
MI,2013,Andre Turner,2,0.7864
MI,2013,Eric Cooper,2,0.7857
MI,2013,Clark Clancy,2,0.7803
MI,2013,Hunter Fokertsma,2,0.7782
MI,2013,David Curle,2,0.7731
MI,2013,Don Kyre,2,0.7724
MI,2013,Houston Glass,2,0.7681
MI,2013,Gerrett Pougnet,2,0.7667
MI,2013,Dominick Hamilton,2,0.7667
MI,2013,Jeff Madison,2,0.7667
MI,2013,Antwan Billings,2,0.7667
MI,2013,Elijah Anglin,2,0.7667
MI,2013,Jack Wangler,2,0.7667
MI,2013,DeShun Brown,2,0.7667
MI,2013,Davaun Williams,2,0.7667
MI,2013,Jalen Dandridge,2,0.7667
MI,2013,Jordan Culver,2,0.7667
MI,2013,Erron Enoex,2,0.7667
MI,2013,Joe Ostman,2,0.7640
MI,2013,Collin Buchanan,2,0.7581
MI,2013,DaQuan Pace,2,0.7549
MI,2013,Gary Jones,2,0.7531
MI,2013,Matt Linehan,2,0.7531
MI,2013,Derrick Nash,2,0.7381
MI,2013,Tyree Waller,2,0.7381
MI,2013,Derric Williams,2,0.7331
MI,2013,Brett Scanlon,2,0.7000
MI,2013,Amani Bass,1,0.6997
MI,2013,Cheyne Lacanaria,1,0.6997
MI,2013,Taeron Gurley,1,0.6997
MI,2013,Antjuan Herbert,1,0.6997
MI,2013,Kenyonn Whitfield,1,0.6997
MI,2013,Mason Sarosi,1,0.6997
OH,2013,Jalin Marshall,5,0.9839
OH,2013,Cameron Burrows,4,0.9729
OH,2013,Dymonte Thomas,4,0.9697
OH,2013,Evan Lisle,4,0.9663
OH,2013,Taco Charlton,4,0.9386
OH,2013,Shelton Gibson,4,0.9374
OH,2013,Mike McCray,4,0.9347
OH,2013,Gareon Conley,4,0.9329
OH,2013,Malik Zaire,4,0.9300
OH,2013,Jake Butt,4,0.9288
OH,2013,Mitch Trubisky,4,0.9172
OH,2013,Billy Price,4,0.9165
OH,2013,Jayme Thompson,4,0.9158
OH,2013,Ben Gedeon,4,0.9149
OH,2013,De'Veon Smith,4,0.9149
OH,2013,Shane Jones,4,0.9061
OH,2013,Marcus McWilson,4,0.8999
OH,2013,Donovan Munger,4,0.8996
OH,2013,TraVon Chapman,4,0.8930
OH,2013,Darrien Howard,4,0.8924
OH,2013,Rob Wheelwright,3,0.8854
OH,2013,Ross Douglas,3,0.8811
OH,2013,Jacob Matuska,3,0.8800
OH,2013,Godwin Igwebuike,3,0.8788
OH,2013,Courtney Love,3,0.8762
OH,2013,Jaron Dukes,3,0.8758
OH,2013,Caleb Day,3,0.8721
OH,2013,Chris Worley,3,0.8675
OH,2013,Brogan Roback,3,0.8662
OH,2013,Marcus Ball,3,0.8630
OH,2013,Kyle Meadows,3,0.8630
OH,2013,Darian Hicks,3,0.8628
OH,2013,Jalyn Powell,3,0.8621
OH,2013,Lovell Peterson,3,0.8614
OH,2013,James  Bodanis,3,0.8599
OH,2013,Darron Lee,3,0.8595
OH,2013,Tracy Sprinkle,3,0.8594
OH,2013,Chunky Clements,3,0.8590
OH,2013,Sean Welsh,3,0.8575
OH,2013,Mike Tyler,3,0.8547
OH,2013,Sam Coverdale,3,0.8544
OH,2013,Matt Miller,3,0.8528
OH,2013,Jaleel Hytchye,3,0.8525
OH,2013,Jaleel Hytchye,3,0.8525
OH,2013,Brant Gressel,3,0.8523
OH,2013,Solomon Warfield,3,0.8518
OH,2013,Dylan Wiesman,3,0.8518
OH,2013,Rasheen Jones,3,0.8518
OH,2013,Keith Watkins,3,0.8512
OH,2013,Greg Hart,3,0.8503
OH,2013,A.J. Branisel,3,0.8503
OH,2013,Aregeros Turner,3,0.8496
OH,2013,Reon Dawson,3,0.8493
OH,2013,Kevin Gladney,3,0.8492
OH,2013,Alex Gall,3,0.8488
OH,2013,De'Niro Laster,3,0.8486
OH,2013,Dan Monteroso,3,0.8455
OH,2013,Trey Kilgore,3,0.8452
OH,2013,De'Niro Laster,3,0.8436
OH,2013,Keith Towbridge,3,0.8432
OH,2013,Heath Harding,3,0.8416
OH,2013,Tre Williams-Brown,3,0.8402
OH,2013,Antoine Miles,3,0.8387
OH,2013,Donovan Wilson,3,0.8380
OH,2013,Jake Replogle,3,0.8375
OH,2013,Evan Jansen,3,0.8353
OH,2013,Chris Huhn,3,0.8347
OH,2013,Christian DiLauro,3,0.8322
OH,2013,Javon Harrison,3,0.8322
OH,2013,LeShun Daniels,3,0.8314
OH,2013,Jerome Lane,3,0.8313
OH,2013,Anthony Young,3,0.8281
OH,2013,Michael Geiger,3,0.8281
OH,2013,Marcus McShepard,3,0.8280
OH,2013,Marquise Moore,3,0.8254
OH,2013,Chris Davis,3,0.8247
OH,2013,Kyle Kempt,3,0.8228
OH,2013,Stephen Mathie,3,0.8216
OH,2013,Austin Schmidt,3,0.8216
OH,2013,James Walsh,3,0.8198
OH,2013,John Stepec,3,0.8189
OH,2013,Drew Barksdale,3,0.8177
OH,2013,Mykel Traylor-Bennett,3,0.8176
OH,2013,Tony Harper,3,0.8172
OH,2013,Grant Lingafelter,3,0.8168
OH,2013,Andrew Gantz,3,0.8155
OH,2013,Austin Niswander,3,0.8152
OH,2013,Nathan Strock,3,0.8149
OH,2013,Dawuane Smoot,3,0.8138
OH,2013,Ben Flick,3,0.8127
OH,2013,Devon Edwards,3,0.8112
OH,2013,Kareem Hunt,3,0.8032
OH,2013,Marcus Oliver,3,0.8006
OH,2013,Kevin Kavalec,3,0.7980
OH,2013,Joel Rich,3,0.7979
OH,2013,Zach Quinn,2,0.7958
OH,2013,Dezwan Polk-Campbell,2,0.7955
OH,2013,Patrick Dougherty,2,0.7945
OH,2013,Brock Macaulay,2,0.7932
OH,2013,Mason Morgan,2,0.7925
OH,2013,Lavonte Robinson,2,0.7924
OH,2013,Tate Leavitt,2,0.7914
OH,2013,Truman Gutapfel,2,0.7912
OH,2013,Patric Hannon,2,0.7908
OH,2013,Ricky Davis,2,0.7905
OH,2013,Tommy Tupa,2,0.7898
OH,2013,Zach Smierciak,2,0.7898
OH,2013,Tim McVey,2,0.7889
OH,2013,Zach Murdock,2,0.7882
OH,2013,Austin Wolf,2,0.7878
OH,2013,Hunter Niswander,2,0.7864
OH,2013,Austin Valdez,2,0.7862
OH,2013,Carson Baker,2,0.7852
OH,2013,Corey Quallen,2,0.7832
OH,2013,Randy Anderson,2,0.7832
OH,2013,Jamel Sanders,2,0.7816
OH,2013,Cody Collins,2,0.7802
OH,2013,JaWuan Woodley,2,0.7798
OH,2013,Nick Isaacs,2,0.7782
OH,2013,Jason Tretter,2,0.7782
OH,2013,David Katusha,2,0.7778
OH,2013,A.J. Burdine,2,0.7732
OH,2013,Jaylen Funches,2,0.7732
OH,2013,Elijah Nkansah,2,0.7732
OH,2013,Deontae Moore,2,0.7731
OH,2013,Jake McVay,2,0.7731
OH,2013,Airion Kosak,2,0.7714
OH,2013,Jacob King,2,0.7678
OH,2013,Darryl Richards,2,0.7667
OH,2013,Khoury Crenshaw,2,0.7667
OH,2013,William Houston,2,0.7667
OH,2013,Ethan Brown,2,0.7667
OH,2013,Jake Riley,2,0.7667
OH,2013,Xzavier McAllister,2,0.7667
OH,2013,Marshall Howell,2,0.7667
OH,2013,Elijah Bell,2,0.7667
OH,2013,Reid Worstell,2,0.7667
OH,2013,L.A. Ramsby,2,0.7667
OH,2013,Mike Kelly,2,0.7667
OH,2013,Gary Brown,2,0.7667
OH,2013,Nicholas Roberts,2,0.7667
OH,2013,Ronnie Dawson,2,0.7667
OH,2013,Ralph Smith,2,0.7631
OH,2013,Zach Yousey,2,0.7631
OH,2013,Quentin Poling,2,0.7631
OH,2013,Damon Washington,2,0.7631
OH,2013,Joe Davidson,2,0.7583
OH,2013,Jake Hilvert,2,0.7581
OH,2013,Lavonne Gauthney,2,0.7581
OH,2013,Ryan Seibert,2,0.7531
OH,2013,Trent Smart,2,0.7531
OH,2013,Victor Cave,2,0.7481
OH,2013,Stephen Ericksen,2,0.7481
OH,2013,Troy Mangen,2,0.7481
OH,2013,Chris Ford,2,0.7444
OH,2013,Kevin Bourne,2,0.7444
OH,2013,Nick Holley,2,0.7444
OH,2013,Kentrell Taylor,2,0.7444
OH,2013,Nate Holley,2,0.7444
OH,2013,Durrell Wood,2,0.7431
OH,2013,Buchi Okafor,2,0.7431
OH,2013,Ryan Kortokrax,2,0.7431
OH,2013,Nathan Locke,2,0.7381
OH,2013,Chris Overton,2,0.7381
OH,2013,Nick Walter,2,0.7381
OH,2013,Brendan Cope,2,0.7333
OH,2013,Corbin Grassman,2,0.7333
OH,2013,Joshua Brebant,2,0.7333
OH,2013,Keith Rucker,2,0.7333
MI,2014,Malik McDowell,5,0.9853
MI,2014,Damon Webb,4,0.9830
MI,2014,Drake Harris,4,0.9677
MI,2014,Lawrence Marshall,4,0.9270
MI,2014,Byron Bullough,3,0.8762
MI,2014,Tyler Wiegers,3,0.8727
MI,2014,Deon Drake,3,0.8724
MI,2014,Maurice Ways,3,0.8687
MI,2014,Chance Stewart,3,0.8671
MI,2014,Matt Sokol,3,0.8600
MI,2014,Chukwuma Okorafor,3,0.8547
MI,2014,Tommy Doles,3,0.8531
MI,2014,Connor Hayes,3,0.8516
MI,2014,Jared Wangler,3,0.8508
MI,2014,Timothy Cason II,3,0.8487
MI,2014,David Beedle,3,0.8437
MI,2014,Jalen Watts-Jackson,3,0.8407
MI,2014,Jhonathon Williams,3,0.8400
MI,2014,Jalen Embry,3,0.8400
MI,2014,Avonte Maddox,3,0.8376
MI,2014,Jason Alessi,3,0.8333
MI,2014,Parris Bennett,3,0.8307
MI,2014,William White,3,0.8294
MI,2014,Gary Hosey,3,0.8260
MI,2014,Nick Padla,3,0.8254
MI,2014,Malik King,3,0.8247
MI,2014,Richard Wilson,3,0.8246
MI,2014,Travis Smith,3,0.8220
MI,2014,Carl Fuller,3,0.8218
MI,2014,Chris Okoye,3,0.8111
MI,2014,Derek Brown,3,0.8111
MI,2014,Jordan Van Dort,3,0.8106
MI,2014,Kenny Finley,3,0.8087
MI,2014,Curtis Doyle,3,0.8073
MI,2014,Bearooz Yacoobi,3,0.8006
MI,2014,Giovanni Rescigno,3,0.7984
MI,2014,Amari Coleman,3,0.7979
MI,2014,Alex Neering,3,0.7979
MI,2014,Elliot Jordan,2,0.7965
MI,2014,Nick Matich,2,0.7946
MI,2014,Damon Singleton,2,0.7946
MI,2014,Ka'John Armstrong,2,0.7939
MI,2014,Shane Hynes,2,0.7922
MI,2014,Cooper Mojsiejenko,2,0.7905
MI,2014,Asantay Brown,2,0.7879
MI,2014,Alex Joss,2,0.7879
MI,2014,Jalen Dingle,2,0.7858
MI,2014,Brian Sanders,2,0.7838
MI,2014,David Walker,2,0.7832
MI,2014,Kyle Rachwal,2,0.7832
MI,2014,Curtis Brunson,2,0.7814
MI,2014,Jalen Brady,2,0.7791
MI,2014,Alex Briones,2,0.7791
MI,2014,Dylan Roney,2,0.7778
MI,2014,Kyle Bambard,2,0.7764
MI,2014,Trent Grimes,2,0.7757
MI,2014,Nate Brisson-Fast,2,0.7757
MI,2014,Jordan Billingslea,2,0.7750
MI,2014,Lucas Bezerra,2,0.7731
MI,2014,Jacari Faulkner,2,0.7724
MI,2014,Chris  McDaniel,2,0.7716
MI,2014,Jake Khoury,2,0.7716
MI,2014,Thomas Jones,2,0.7698
MI,2014,Mitch Stanitzek,2,0.7690
MI,2014,Clay Walderzak,2,0.7683
MI,2014,Dimitri Angelas,2,0.7681
MI,2014,Chris Carter,2,0.7667
MI,2014,Chris Williams,2,0.7667
MI,2014,Sage  Baltrusaitis,2,0.7667
MI,2014,Derrick Coleman,2,0.7667
MI,2014,Dillon Dixon,2,0.7667
MI,2014,Peter Deppe,2,0.7664
MI,2014,Brandon Keen,2,0.7657
MI,2014,David Basirico,2,0.7616
MI,2014,Corey Lacanaria,2,0.7609
MI,2014,Austin Labus,2,0.7609
MI,2014,Hunter Lassiter,2,0.7583
MI,2014,Jeremiah Harris,2,0.7508
MI,2014,Ian Eriksen,2,0.7475
MI,2014,Jeremy Hickey,2,0.7381
MI,2014,Chris Hendricks,2,0.7381
MI,2014,Jerrod Davis,2,0.7331
MI,2014,Christopher Bukoski,2,0.7330
MI,2014,Ross Williams,2,0.7330
MI,2014,Devon Spalding,2,0.7330
MI,2014,Mason Shinrock,1,0.6997
MI,2014,Spencer McCourt,1,0.6997
MI,2014,Kyle Haan,1,0.6997
MI,2014,Ja'Len Embry,1,0.6997
MI,2014,Damon Love,1,0.6997
MI,2014,Tony Jackson,1,0.6997
MI,2014,Lion King,1,0.6997
OH,2014,Dante Booker,4,0.9743
OH,2014,Marshon Lattimore,4,0.9737
OH,2014,Erick Smith,4,0.9695
OH,2014,Parris Campbell,4,0.9389
OH,2014,Michael Ferns,4,0.9306
OH,2014,Kyle Berger,4,0.9285
OH,2014,Sam Hubbard,4,0.9230
OH,2014,Derek Kief,4,0.9149
OH,2014,Darius West,4,0.9109
OH,2014,DeShone Kizer,4,0.9073
OH,2014,Kyle Trout,4,0.9010
OH,2014,Dareian Watkins,4,0.8995
OH,2014,Thaddeus Snodgrass,4,0.8956
OH,2014,Jimmy Byrne,4,0.8926
OH,2014,Daniel Cage,4,0.8923
OH,2014,Ethan Wolf,3,0.8890
OH,2014,Mike Edwards,3,0.8887
OH,2014,Vayante Copeland,3,0.8884
OH,2014,Chris Durkin,3,0.8866
OH,2014,Joe Henderson,3,0.8816
OH,2014,Mikel Horton,3,0.8811
OH,2014,Marcelys Jones,3,0.8806
OH,2014,Alex Dalton,3,0.8775
OH,2014,Tegray Scales,3,0.8766
OH,2014,Nick Richardson,3,0.8723
OH,2014,Davonte James,3,0.8684
OH,2014,Noah Furbush,3,0.8666
OH,2014,Nathaniel Devers,3,0.8665
OH,2014,Josh Krok,3,0.8649
OH,2014,Nilijah Ballew,3,0.8649
OH,2014,Jon Bezney,3,0.8649
OH,2014,LJ Scott,3,0.8634
OH,2014,Brady Taylor,3,0.8618
OH,2014,Colt Pettit,3,0.8600
OH,2014,Darryl Long,3,0.8599
OH,2014,Jarrett LaRubbio,3,0.8599
OH,2014,Chris Frey,3,0.8597
OH,2014,Terry Ramsey,3,0.8584
OH,2014,Travon Hudson,3,0.8583
OH,2014,Chayce Crouch,3,0.8578
OH,2014,Alonzo Saxton,3,0.8568
OH,2014,Dorian Baker,3,0.8558
OH,2014,Verondtae Wilkinson,3,0.8553
OH,2014,Ben Oxley,3,0.8528
OH,2014,Robert Bowers,3,0.8518
OH,2014,Dorian Hendrix,3,0.8515
OH,2014,Adam Bertke,3,0.8514
OH,2014,Danny Burns,3,0.8502
OH,2014,Brandon Fritts,3,0.8499
OH,2014,Zach Harmon,3,0.8497
OH,2014,CJ Hilliard,3,0.8487
OH,2014,Mike Barwick Jr.,3,0.8481
OH,2014,Antonio Woods,3,0.8463
OH,2014,Nick Carovillano,3,0.8463
OH,2014,JJ Pinckney,3,0.8446
OH,2014,Airius Moore,3,0.8443
OH,2014,Isaiah Gentry,3,0.8439
OH,2014,Jamal Davis,3,0.8431
OH,2014,Joey Duckworth,3,0.8431
OH,2014,Micky Crum,3,0.8431
OH,2014,Devin Pike,3,0.8421
OH,2014,Phillipie Motley,3,0.8410
OH,2014,Chance Sorrell,3,0.8409
OH,2014,Shane Roy,3,0.8406
OH,2014,Jared McCray,3,0.8394
OH,2014,Cody Callaway,3,0.8392
OH,2014,Tito Odenigbo,3,0.8387
OH,2014,Martesse Patterson,3,0.8386
OH,2014,Tinashe Bere,3,0.8375
OH,2014,Dameon Willis Jr.,3,0.8341
OH,2014,Michael Deiter,3,0.8328
OH,2014,Jake Hartbarger,3,0.8322
OH,2014,Tymere Dubose,3,0.8321
OH,2014,Ja'Merez Bowen,3,0.8299
OH,2014,Mike Knoll,3,0.8290
OH,2014,Odell Spencer,3,0.8280
OH,2014,Devine Redding,3,0.8274
OH,2014,Joe Lowery,3,0.8254
OH,2014,Luke Callahan,3,0.8236
OH,2014,Mykale Rogers,3,0.8228
OH,2014,Wes Martin,3,0.8225
OH,2014,Reggie Howard,3,0.8222
OH,2014,Nate Hall,3,0.8216
OH,2014,Andrew Gray,3,0.8215
OH,2014,Jeremy Holley,3,0.8199
OH,2014,Conner Krizancic,3,0.8194
OH,2014,Kendric Mallory,3,0.8163
OH,2014,Walter Rauterkus,3,0.8159
OH,2014,Anthony Clark,3,0.8155
OH,2014,Marcus Whitfield,3,0.8147
OH,2014,Ron Brown,3,0.8126
OH,2014,Kaleb Harris,3,0.8120
OH,2014,Ryan Reese,3,0.8118
OH,2014,Joseph Kraemer,3,0.8115
OH,2014,Tyrell Gilbert,3,0.8113
OH,2014,Jake Grant,3,0.8111
OH,2014,Erik Simpson,3,0.8088
OH,2014,Jerrell Foster,3,0.8059
OH,2014,Paul Moses,3,0.8059
OH,2014,Nolan Jackson-Daniel,3,0.8039
OH,2014,Landon Brazile,3,0.8030
OH,2014,Jared Weyler,3,0.8015
OH,2014,Ryan Stout,3,0.8015
OH,2014,Connor Brown,3,0.7982
OH,2014,Brennan Dudziak,2,0.7914
OH,2014,Robert Behanan,2,0.7879
OH,2014,Jack Walz,2,0.7858
OH,2014,Mike Berry,2,0.7805
OH,2014,Dakota Tallman,2,0.7798
OH,2014,Michael Siragusa,2,0.7791
OH,2014,Newman Williams,2,0.7791
OH,2014,George Bollas,2,0.7789
OH,2014,Ryan Williamson,2,0.7783
OH,2014,Ryan Bee,2,0.7782
OH,2014,Matthew Merimee,2,0.7782
OH,2014,Chance Weitz,2,0.7764
OH,2014,Gus Ragland,2,0.7764
OH,2014,Jared Brumfield,2,0.7764
OH,2014,Nick Johnson,2,0.7757
OH,2014,Trevahn Beery,2,0.7757
OH,2014,Travonte Junius,2,0.7750
OH,2014,Griff Saunders,2,0.7732
OH,2014,Kyle Kuhar,2,0.7724
OH,2014,Antione Stone,2,0.7724
OH,2014,Isiah Moore,2,0.7724
OH,2014,Kalil Morris,2,0.7724
OH,2014,Brandon Bailey,2,0.7667
OH,2014,Chase Lash,2,0.7667
OH,2014,Aaron Bushner,2,0.7667
OH,2014,Beau Huffman,2,0.7667
OH,2014,Sam Bruno,2,0.7667
OH,2014,Chalmer Frueauf,2,0.7667
OH,2014,Greg Simpson,2,0.7667
OH,2014,Curtis Mitchell,2,0.7667
OH,2014,Torrodd Carter,2,0.7667
OH,2014,Patrick Osterhage,2,0.7667
OH,2014,Derich Weiland,2,0.7667
OH,2014,Darius McDonald,2,0.7667
OH,2014,Pierce Royster,2,0.7664
OH,2014,Isaac Little,2,0.7649
OH,2014,Andrew Meyer,2,0.7649
OH,2014,Noah Spielman,2,0.7642
OH,2014,Kent Berger,2,0.7631
OH,2014,Tyler King,2,0.7631
OH,2014,Kelvin Cook,2,0.7623
OH,2014,Miles Hibbler,2,0.7616
OH,2014,Stefano Millin,2,0.7583
OH,2014,Jake Pruehs,2,0.7581
OH,2014,Skylar Hartley,2,0.7549
OH,2014,Wyatt Pfeifer,2,0.7542
OH,2014,Brandon Reynolds,2,0.7542
OH,2014,Ben Hale,2,0.7531
OH,2014,Steve Langenkamp,2,0.7531
OH,2014,Jalen Fox,2,0.7531
OH,2014,Jordan Rigg,2,0.7531
OH,2014,Cody Thompson,2,0.7481
OH,2014,Bryan DiCillo,2,0.7481
OH,2014,Tyler Jones,2,0.7481
OH,2014,Luke Grandjean,2,0.7481
OH,2014,Alex Pfeiffer,2,0.7441
OH,2014,Marcus Elliott,2,0.7431
OH,2014,Ishmael Hargrove,2,0.7431
OH,2014,Blake Dennis,2,0.7431
OH,2014,Herman Brunis,2,0.7431
OH,2014,Kevin Rogers,2,0.7431
OH,2014,Tyree Elliott,2,0.7330
OH,2014,Cameron Bouldin,2,0.7330
OH,2014,Check Washington,2,0.7330
OH,2014,Eldin Anu,2,0.7330
OH,2014,Quan Robinson,2,0.7330
OH,2014,Matthew Sommers,2,0.7330
OH,2014,Jon Cunningham,2,0.7330
OH,2014,Nate Patterson,2,0.7330
OH,2014,Alex Demers,2,0.7330
OH,2014,Nathan Puthoff,2,0.7330
OH,2014,Collin Prouty,2,0.7330
OH,2014,Kyle Ritz,2,0.7330
OH,2014,Hunter Wells,2,0.7330
OH,2014,Sayyid Kanu,2,0.7297
OH,2014,Jordan George,2,0.7297
OH,2014,Marc Raye-Redmond,2,0.7197
OH,2014,Logan Dziak,2,0.7197
OH,2014,Cary Sullivan,1,0.6997
OH,2014,Nolan Ross,1,0.6997
OH,2014,Brendan Rivers,1,0.6997
OH,2014,Tre McIntyre,1,0.6997
OH,2014,Matt Blasiole,1,0.6997
OH,2014,Marques Moore,1,0.6997
OH,2014,Devan Pankey,1,0.6997
OH,2014,DeAngelo Ware,1,0.6997
MI,2015,Brian Cole,4,0.9638
MI,2015,Mike Weber,4,0.9627
MI,2015,Kyonta Stallworth,4,0.9231
MI,2015,Alex Malzone,4,0.8984
MI,2015,Tyriq Thompson,3,0.8865
MI,2015,Tyson Smith,3,0.8805
MI,2015,David Moorman,3,0.8797
MI,2015,John Kelly,3,0.8665
MI,2015,Joshua Alabi,3,0.8655
MI,2015,Dior Johnson,3,0.8573
MI,2015,Khari Willis,3,0.8522
MI,2015,Grant Perry,3,0.8503
MI,2015,Joshuwa Holloman,3,0.8497
MI,2015,Ray Buford,3,0.8462
MI,2015,Wesley French,3,0.8429
MI,2015,Rayshawn Wilborn,3,0.8415
MI,2015,Eddy Wilson,3,0.8391
MI,2015,Tyrone Miller,3,0.8347
MI,2015,Junior McMullen,3,0.8331
MI,2015,Matt Skibinski,3,0.8313
MI,2015,John Keenoy,3,0.8305
MI,2015,Tyree Jackson,3,0.8247
MI,2015,Jake Johnson,3,0.8229
MI,2015,Jayru Campbell,3,0.8226
MI,2015,Bryce Witham,3,0.8219
MI,2015,Ryan Brand,3,0.8213
MI,2015,Immanuel Stinson,3,0.8206
MI,2015,Cole Chewins,3,0.8194
MI,2015,Derek Smith,3,0.8182
MI,2015,Jon Wassink,3,0.8172
MI,2015,Alex Grace,3,0.8169
MI,2015,Carter Masek,3,0.8150
MI,2015,Shahid Bellamy,3,0.8143
MI,2015,Anton Curtis,3,0.8122
MI,2015,Austin Ervin,3,0.8113
MI,2015,Jamil Sabbagh,3,0.8113
MI,2015,Abdallah Jaffal,3,0.8107
MI,2015,Michael Ojemudia,3,0.8106
MI,2015,Brandon Childress,3,0.8082
MI,2015,Daniel Crawford,3,0.8053
MI,2015,Davontae Ginwright,3,0.8041
MI,2015,Romello Ross,3,0.8037
MI,2015,Cameron Lewis,3,0.8031
MI,2015,Brody Hoying,3,0.8029
MI,2015,Chase Van Hoef,3,0.8018
MI,2015,Mike Danna,3,0.8013
MI,2015,Collin Caflisch,3,0.7998
MI,2015,Michael Oliver,3,0.7991
MI,2015,Logan Slaughter,3,0.7979
MI,2015,Ja'Mar Antwine,3,0.7972
MI,2015,Damon Terry,2,0.7948
MI,2015,Sam Beal,2,0.7946
MI,2015,Alexx Zielinski,2,0.7917
MI,2015,Matt Seybert,2,0.7914
MI,2015,Parker Underwood,2,0.7893
MI,2015,Paul Engram,2,0.7887
MI,2015,Tony Balabani,2,0.7864
MI,2015,Bobby Banks,2,0.7859
MI,2015,Steve Eipper,2,0.7850
MI,2015,Dakota Kupp,2,0.7817
MI,2015,Jacob Herbers,2,0.7799
MI,2015,Obbie Jackson,2,0.7783
MI,2015,Brian Alsobrooks,2,0.7782
MI,2015,Hunter Andrews,2,0.7782
MI,2015,Marc Miller,2,0.7778
MI,2015,Justin Hunter,2,0.7778
MI,2015,Ryan Roberts,2,0.7776
MI,2015,Del'Shawn Phillips,2,0.7752
MI,2015,Jack Dunaway,2,0.7667
MI,2015,Anthony Herbert,2,0.7667
MI,2015,Keshawn Gilmore,2,0.7667
MI,2015,Avonte Bell,2,0.7667
MI,2015,Deshawn Baker-Williams,2,0.7649
MI,2015,Carlos Clark,2,0.7642
MI,2015,Stone Miller,2,0.7631
MI,2015,Marques Grimes,2,0.7631
MI,2015,Delano Madison,2,0.7609
MI,2015,Sam Girodot,2,0.7431
MI,2015,Charles Harris,2,0.7381
MI,2015,Nick Marosi,2,0.7330
MI,2015,Donovan Jackson,1,0.6997
MI,2015,Marvin Franklin,1,0.6997
MI,2015,Ryan Rockensuess,1,0.6997
OH,2015,Justin Hilliard,5,0.9851
OH,2015,LJ Scott,4,0.9725
OH,2015,Jerome Baker,4,0.9697
OH,2015,Eric Glover-Williams,4,0.9538
OH,2015,Shaun Crawford,4,0.9484
OH,2015,Dre'Mont Jones,4,0.9410
OH,2015,Hjalte Froholdt,4,0.9356
OH,2015,Tyree Kinnel,4,0.9212
OH,2015,Nick Conner,4,0.9116
OH,2015,Denzel Ward,4,0.9032
OH,2015,Joe Burrow,4,0.9003
OH,2015,Ahmad Wagner,4,0.9000
OH,2015,CJ Conrad,4,0.8988
OH,2015,Darrin Hall,4,0.8974
OH,2015,Alex Stump,4,0.8973
OH,2015,Elijah Taylor,4,0.8945
OH,2015,David Dowell,4,0.8933
OH,2015,James Daniels,4,0.8909
OH,2015,Andrew Dowell,3,0.8894
OH,2015,Anthony McKee,3,0.8863
OH,2015,Jordan Jones,3,0.8781
OH,2015,Jordan Thompson,3,0.8775
OH,2015,George Asafo-Adjei,3,0.8751
OH,2015,Noah Listermann,3,0.8750
OH,2015,George Brown,3,0.8721
OH,2015,Robert Landers,3,0.8719
OH,2015,Matt Jones,3,0.8706
OH,2015,CJ Stalker,3,0.8689
OH,2015,Marquise Blair,3,0.8689
OH,2015,Rob Dowdy,3,0.8640
OH,2015,Kei Beckham,3,0.8634
OH,2015,Nick Coleman,3,0.8584
OH,2015,Rashod Berry,3,0.8568
OH,2015,Chris Green,3,0.8549
OH,2015,David Long,3,0.8549
OH,2015,Chase Pankey,3,0.8528
OH,2015,Reagan Williams,3,0.8527
OH,2015,Marquise Copeland,3,0.8518
OH,2015,Hunter Littlejohn,3,0.8512
OH,2015,Ashton Jackson,3,0.8494
OH,2015,Jeff Christian,3,0.8493
OH,2015,Matthew Draper,3,0.8487
OH,2015,Justice Alexander,3,0.8482
OH,2015,Kraig Howe,3,0.8471
OH,2015,Markus Bailey,3,0.8458
OH,2015,DaVon Hamilton,3,0.8457
OH,2015,Simon Stepaniak,3,0.8441
OH,2015,Richard Worship III,3,0.8438
OH,2015,Ben Glines,3,0.8412
OH,2015,Troy Henderson Jr.,3,0.8406
OH,2015,Andy Isabella,3,0.8399
OH,2015,Javon Provitt,3,0.8397
OH,2015,Abu Daramy,3,0.8388
OH,2015,Christopher Young,3,0.8388
OH,2015,Cameron Bell,3,0.8380
OH,2015,Ted Stieber,3,0.8366
OH,2015,Reggie Rogers,3,0.8361
OH,2015,Bryce Jenkinson,3,0.8360
OH,2015,Larry Wells,3,0.8356
OH,2015,Trae Williams,3,0.8344
OH,2015,Nolan Ulizio,3,0.8342
OH,2015,Ian Leever,3,0.8338
OH,2015,Elijah Ball,3,0.8328
OH,2015,Austin Dorris,3,0.8319
OH,2015,Mason Zimmerman,3,0.8310
OH,2015,Breck Turner,3,0.8298
OH,2015,Mitchell Guadagni,3,0.8295
OH,2015,Zeke Martin,3,0.8294
OH,2015,Doug Bates,3,0.8266
OH,2015,Maurice Thomas,3,0.8266
OH,2015,Chris Fobbs,3,0.8258
OH,2015,Donte Horton,3,0.8238
OH,2015,Colton McKivitz,3,0.8200
OH,2015,Demetrius Colbert,3,0.8188
OH,2015,Chandler Cotterman,3,0.8188
OH,2015,Brett Kean,3,0.8185
OH,2015,Frank Sumpter,3,0.8181
OH,2015,Shemar Moss,3,0.8149
OH,2015,Braxton Neal,3,0.8118
OH,2015,Nyck Grayson,3,0.8115
OH,2015,Najee Stevens-McKenzie,3,0.8106
OH,2015,Nick Potts,3,0.8099
OH,2015,Trevon Story,3,0.8098
OH,2015,Sam McCollum,3,0.8097
OH,2015,Troy Dipre,3,0.8078
OH,2015,Andrew David,3,0.8069
OH,2015,Isiah Scott,3,0.8058
OH,2015,London Cloud,3,0.8056
OH,2015,Jordan Fair,3,0.8052
OH,2015,Ramon Miles,3,0.8046
OH,2015,Brandon Heidecker,3,0.8037
OH,2015,Ben Cooper,3,0.8033
OH,2015,Sam McKnight,3,0.8032
OH,2015,Bryce Harris,3,0.8028
OH,2015,Mayne Williams,3,0.8026
OH,2015,Simeon Lane,3,0.8013
OH,2015,BoBo Jones,3,0.8011
OH,2015,Clayton Glasco,3,0.8007
OH,2015,Chad Coeling,3,0.8005
OH,2015,Dean Lemon,3,0.8005
OH,2015,Tyler Taafe,3,0.7992
OH,2015,JC Bartok,3,0.7981
OH,2015,Bryce Gibbs,2,0.7958
OH,2015,Brandon Harris,2,0.7956
OH,2015,Deric Phouthavong,2,0.7946
OH,2015,Mylik Mitchell,2,0.7932
OH,2015,Jovahn Fair,2,0.7921
OH,2015,Mitchell Hlay,2,0.7914
OH,2015,Harrison Roberts,2,0.7904
OH,2015,Jack Schroer,2,0.7894
OH,2015,Mario Patton,2,0.7891
OH,2015,Cole Jones,2,0.7889
OH,2015,Nick Faulkner,2,0.7878
OH,2015,Nico Lautanen,2,0.7871
OH,2015,Ferrod Gardner,2,0.7854
OH,2015,Nathan Childress,2,0.7838
OH,2015,Kevin Banks,2,0.7831
OH,2015,Liam McCullough,2,0.7828
OH,2015,Logan Grieser,2,0.7821
OH,2015,LaMarr Davis,2,0.7817
OH,2015,Austen Pleasants,2,0.7817
OH,2015,Giovanni Ricci,2,0.7794
OH,2015,Cario Davison,2,0.7790
OH,2015,Matthew Finkler,2,0.7790
OH,2015,Eli Wolf,2,0.7778
OH,2015,Vince Lockett,2,0.7757
OH,2015,Justice Hart,2,0.7723
OH,2015,Kyle Junior,2,0.7681
OH,2015,Milan Lanier,2,0.7667
OH,2015,Cory Contini,2,0.7667
OH,2015,Moses Marshall,2,0.7667
OH,2015,Vito Penza,2,0.7667
OH,2015,Clayton Schmerber,2,0.7667
OH,2015,Kevin Earles,2,0.7667
OH,2015,Alijahwon Tarvin,2,0.7667
OH,2015,Darius Jones,2,0.7667
OH,2015,Jacob Halter,2,0.7667
OH,2015,C.J. Amill,2,0.7667
OH,2015,Marc Walton,2,0.7642
OH,2015,Mckenzie Thomas,2,0.7609
OH,2015,Evan Croutch,2,0.7598
OH,2015,Jake Hale,2,0.7594
OH,2015,Eddie Daugherty,2,0.7581
OH,2015,Adam Luehrman,2,0.7531
OH,2015,Keith Key,2,0.7531
OH,2015,Ryan Luehrman,2,0.7531
OH,2015,Alex Curtis,2,0.7481
OH,2015,John Henry Bronczek,2,0.7481
OH,2015,Joe Tupta,2,0.7397
OH,2015,Christian Lumpkin,2,0.7330
OH,2015,Curtis Parks,2,0.7297
OH,2015,Sam Crosa,2,0.7097
OH,2015,Chaz Lumpkin,1,0.6997
OH,2015,Steven Pappadakes,1,0.6997
MI,2016,Michael Onwenu,4,0.9571
MI,2016,Donnie Corley,4,0.9504
MI,2016,Michael Jordan,4,0.9411
MI,2016,Lavert Hill,4,0.9409
MI,2016,Daelin Hayes,4,0.9409
MI,2016,Khalid Kareem,4,0.9228
MI,2016,Trishton Jackson,4,0.9134
MI,2016,Demetric Vance,4,0.9100
MI,2016,Dez Fitzpatrick,4,0.9048
MI,2016,Brandon Randle,3,0.8853
MI,2016,David Reese,3,0.8791
MI,2016,Josh Jackson,3,0.8773
MI,2016,Matthew Falcon,3,0.8757
MI,2016,Martell Pettaway,3,0.8721
MI,2016,Cedrick Lattimore,3,0.8698
MI,2016,Alaric Jackson,3,0.8596
MI,2016,Adetokunbo Ogundeji,3,0.8584
MI,2016,Quinn Nordin,3,0.8563
MI,2016,Tony Poljan,3,0.8553
MI,2016,Cameron Kolwich,3,0.8529
MI,2016,Stefan Claiborne,3,0.8523
MI,2016,Eyioma Uwazurike,3,0.8504
MI,2016,Jalen Martin,3,0.8499
MI,2016,Chauncey Golston,3,0.8491
MI,2016,Armani Posey,3,0.8462
MI,2016,Jalen Cochran,3,0.8429
MI,2016,Eric Rogers,3,0.8406
MI,2016,Dontre Boyd,3,0.8360
MI,2016,Kalebb Perry,3,0.8353
MI,2016,Tim Walton,3,0.8349
MI,2016,Jeremiah Tyler,3,0.8333
MI,2016,Evan Foster,3,0.8321
MI,2016,Bailey Edwards,3,0.8321
MI,2016,Navon Mosley,3,0.8315
MI,2016,Jake Cerny,3,0.8292
MI,2016,Marquis Smith,3,0.8284
MI,2016,Lawrence Gordon,3,0.8265
MI,2016,Cedric Boswell,3,0.8263
MI,2016,Tom Kowalkoski,3,0.8250
MI,2016,Edrick Mathews,3,0.8228
MI,2016,Kyle Brunson,3,0.8221
MI,2016,Emanuel Jackson,3,0.8219
MI,2016,TaMarion Johnson,3,0.8214
MI,2016,Jordan Asbury,3,0.8188
MI,2016,Kumehnnu Gwilly,3,0.8173
MI,2016,Hunter Broersma,3,0.8150
MI,2016,Alonzo McCoy,3,0.8147
MI,2016,Brad Tanner,3,0.8120
MI,2016,Tylen Redding,3,0.8116
MI,2016,Nolan Givan,3,0.8106
MI,2016,Jesse Johnson,3,0.8081
MI,2016,Taeshon Trotter,3,0.8039
MI,2016,Marcel Paul,3,0.8026
MI,2016,Mark Brooks,3,0.8005
MI,2016,Leon Page,3,0.7991
MI,2016,Jonathan Brys,3,0.7991
MI,2016,Justice Williams,3,0.7982
MI,2016,Drew Beesley,2,0.7938
MI,2016,Jaylon Moore,2,0.7938
MI,2016,Mitchell Heimbuch,2,0.7938
MI,2016,Rodney Graves,2,0.7891
MI,2016,Tru Wilson,2,0.7879
MI,2016,Justin Clark,2,0.7857
MI,2016,Jacob Donnellon,2,0.7857
MI,2016,Mathew Sexton,2,0.7838
MI,2016,Mikale Washington,2,0.7817
MI,2016,Josh Eldridge,2,0.7790
MI,2016,Tee'Ondre Harvey,2,0.7757
MI,2016,Keidren Davis,2,0.7750
MI,2016,Darece Roberson,2,0.7750
MI,2016,Miles Daniel,2,0.7750
MI,2016,Wyatt Plate,2,0.7731
MI,2016,Kobe Burse,2,0.7716
MI,2016,Wallace Hall,2,0.7667
MI,2016,Austin Simpson,2,0.7667
MI,2016,Trenton Fincher,2,0.7667
MI,2016,Dylan Pasquali,2,0.7667
MI,2016,Jace Demenov,2,0.7667
MI,2016,Michael Van Hoeven,2,0.7667
MI,2016,Dwight Blakey,2,0.7667
MI,2016,Ostell Martin,2,0.7667
MI,2016,Kaden Keon,2,0.7667
MI,2016,Jeb Palka,2,0.7667
MI,2016,Gage Kreski,2,0.7667
MI,2016,Jacob Jenkins,2,0.7667
MI,2016,Frank D'Ascenzo,2,0.7667
MI,2016,Tyler Bradfield,2,0.7667
MI,2016,Jake Smith,2,0.7667
MI,2016,Jacob Phillips,2,0.7667
MI,2016,Mark Wilson,2,0.7667
MI,2016,Jacob Baldwin,2,0.7667
MI,2016,Alex Kessman,2,0.7667
MI,2016,Ronathon Elmore,2,0.7667
MI,2016,Mike Robb,2,0.7667
MI,2016,Carl Myers,2,0.7667
MI,2016,Abdullaah Yaseen,2,0.7667
MI,2016,Lucas Thompson,2,0.7667
MI,2016,Jakkar Jackson,2,0.7656
MI,2016,Hunter Buczkowski,2,0.7649
MI,2016,Theo Majette,2,0.7642
MI,2016,Mike VanHoeven,2,0.7642
MI,2016,Adam Farah,2,0.7581
MI,2016,Chase Lynch,2,0.7581
MI,2016,Tommy Roush,2,0.7553
MI,2016,Tyler Lyle,2,0.7481
MI,2016,Donnell Alexander,2,0.7330
MI,2016,Reid Burton,1,0.6997
MI,2016,Bradley Robinson,1,0.6997
OH,2016,Tommy Kraemer,5,0.9835
OH,2016,Jonathon Cooper,4,0.9811
OH,2016,Demario McCall,4,0.9767
OH,2016,Liam Eichenberg,4,0.9614
OH,2016,Jake Hausmann,4,0.9439
OH,2016,Brendan Ferns,4,0.9375
OH,2016,George Hill,4,0.9321
OH,2016,Justin Layne,4,0.9252
OH,2016,Luke Farrell,4,0.9233
OH,2016,Prince Sammons,4,0.9192
OH,2016,Messiah deWeaver,4,0.9093
OH,2016,Kierre Hawkins,4,0.8919
OH,2016,Jonah Morris,3,0.8813
OH,2016,Gavin Cupp,3,0.8791
OH,2016,Thomas MacVittie,3,0.8764
OH,2016,Jack Wohlabaugh,3,0.8761
OH,2016,Ruben Flowers,3,0.8761
OH,2016,Jeremy Larkin,3,0.8738
OH,2016,Griffin Grady,3,0.8719
OH,2016,Ethan Tucky,3,0.8684
OH,2016,Seth Dawkins,3,0.8671
OH,2016,Tony Butler,3,0.8650
OH,2016,Noah Davis,3,0.8615
OH,2016,Tommy Carnifax,3,0.8599
OH,2016,Deshaunte Jones,3,0.8577
OH,2016,Malik Harrison,3,0.8568
OH,2016,Austin Andrews,3,0.8553
OH,2016,Alex Gellerstedt,3,0.8550
OH,2016,Tobias Gilliam,3,0.8543
OH,2016,Luke Campbell,3,0.8537
OH,2016,Zach Sandwisch,3,0.8531
OH,2016,Darius Harper,3,0.8529
OH,2016,Drue Chrisman,3,0.8529
OH,2016,Nik Urban,3,0.8522
OH,2016,Dakota Holtzclaw,3,0.8518
OH,2016,Jaylin Bannerman,3,0.8487
OH,2016,Gunnar Hoak,3,0.8485
OH,2016,Benny Snell,3,0.8482
OH,2016,Jake Saunders,3,0.8466
OH,2016,Chawntez Moss,3,0.8462
OH,2016,Kordell Looney,3,0.8462
OH,2016,Sean Mahone,3,0.8450
OH,2016,Brandon Chapman,3,0.8432
OH,2016,Joe Bachie,3,0.8415
OH,2016,Zach Bycznski,3,0.8409
OH,2016,AJ Arcuri,3,0.8409
OH,2016,Nathan Niehaus,3,0.8405
OH,2016,Gunnar Vogel,3,0.8399
OH,2016,Keevon Harris,3,0.8395
OH,2016,AJ Rose,3,0.8393
OH,2016,Peyton Ramsey,3,0.8386
OH,2016,Josh Sills,3,0.8361
OH,2016,Jacob Long,3,0.8355
OH,2016,A'Shon Riggins,3,0.8350
OH,2016,David Montgomery,3,0.8348
OH,2016,Mark Gooden,3,0.8344
OH,2016,Tyrece Speaight,3,0.8338
OH,2016,Seth Currens,3,0.8325
OH,2016,Terrance Landers Jr.,3,0.8321
OH,2016,Terek Zingale,3,0.8314
OH,2016,Adam Hensley,3,0.8305
OH,2016,Cole Gest,3,0.8304
OH,2016,Ty Sponseller,3,0.8304
OH,2016,Roland Walder,3,0.8299
OH,2016,Obi Anunike,3,0.8297
OH,2016,Antonio Shelton,3,0.8284
OH,2016,Andrew Armstrong,3,0.8280
OH,2016,Luke Fortner,3,0.8274
OH,2016,Anthony Johnson,3,0.8258
OH,2016,Bryce Hargrove,3,0.8253
OH,2016,Justin Rigg,3,0.8249
OH,2016,Grant McKinniss,3,0.8240
OH,2016,Matthew Coghlin,3,0.8205
OH,2016,Lance Billings,3,0.8193
OH,2016,Cameron Odom,3,0.8180
OH,2016,Elijah Cunningham,3,0.8166
OH,2016,Jordan Overton,3,0.8146
OH,2016,Camaron Cheeseman,3,0.8125
OH,2016,Jacob Harrison,3,0.8106
OH,2016,Luke Doerger,3,0.8091
OH,2016,Drew Plitt,3,0.8090
OH,2016,Tyler Tupa,3,0.8080
OH,2016,Ryan Smith,3,0.8071
OH,2016,Chris Crumb,3,0.8066
OH,2016,Alex Hall,3,0.8060
OH,2016,Jatairis Grant,3,0.8050
OH,2016,Jake Sopko,3,0.7977
OH,2016,Chris Beech,3,0.7972
OH,2016,Shakif Seymour,2,0.7954
OH,2016,Carl Jones,2,0.7952
OH,2016,Jeffery Pooler,2,0.7940
OH,2016,Vincent Calhoun,2,0.7931
OH,2016,Hunter Polk,2,0.7898
OH,2016,Dalton Strunk,2,0.7891
OH,2016,Jared Dorsa,2,0.7891
OH,2016,T.J. Beltavski,2,0.7883
OH,2016,Rashaun O'Neal,2,0.7882
OH,2016,Ilyaas Motley,2,0.7882
OH,2016,Haydn Lewis,2,0.7832
OH,2016,Jaylin Thomas,2,0.7832
OH,2016,Andrew Homer,2,0.7824
OH,2016,Austin Conrad,2,0.7824
OH,2016,Eric Popp,2,0.7790
OH,2016,Adam Notestine,2,0.7783
OH,2016,Darryll Gardner,2,0.7782
OH,2016,Jabbar Price,2,0.7782
OH,2016,Josh Stoner,2,0.7782
OH,2016,Cameron Jefferies,2,0.7750
OH,2016,Zach Ford,2,0.7750
OH,2016,Dontez Rash,2,0.7742
OH,2016,Tre'Von Wade,2,0.7731
OH,2016,Xavior Motley,2,0.7731
OH,2016,Andrew Cree,2,0.7731
OH,2016,Nick Meyer,2,0.7731
OH,2016,Rodney Croom,2,0.7723
OH,2016,Willie Ross,2,0.7716
OH,2016,Mitchell Larsen,2,0.7683
OH,2016,Sharif Saleem,2,0.7681
OH,2016,Robbie Fusner,2,0.7667
OH,2016,Seth Crissman,2,0.7667
OH,2016,Zack Smith,2,0.7667
OH,2016,JT Timming,2,0.7667
OH,2016,Niko Lalos,2,0.7667
OH,2016,Nick Cavinee,2,0.7667
OH,2016,Demann Wilson,2,0.7667
OH,2016,Tim Tanner-Blair,2,0.7667
OH,2016,Davvel Moore-Meeks,2,0.7667
OH,2016,Warren Saba,2,0.7667
OH,2016,Nic Martin,2,0.7667
OH,2016,Chaz Westfall,2,0.7667
OH,2016,Nick Sokolowski,2,0.7667
OH,2016,Lionell McConnell,2,0.7667
OH,2016,Cedric Frierson,2,0.7667
OH,2016,Jordan Williams,2,0.7667
OH,2016,Daryl McCleskey,2,0.7667
OH,2016,Joe Schroer,2,0.7667
OH,2016,Dylan Murphy,2,0.7667
OH,2016,Desmond Noel,2,0.7642
OH,2016,Jonathan Neeley,2,0.7631
OH,2016,Mandela Lawrence-Burke,2,0.7631
OH,2016,Dalton Hicks,2,0.7631
OH,2016,Sean Rattay,2,0.7581
OH,2016,Zach Corrigall,2,0.7581
OH,2016,Tyler Gilchrist,2,0.7581
OH,2016,Adam Gregoire,2,0.7531
OH,2016,Clayton Dryfuse,2,0.7431
MI,2017,Donovan Peoples-Jones,5,0.9925
MI,2017,Ambry Thomas,4,0.9583
MI,2017,Josh Ross,4,0.9184
MI,2017,Deron Irving-Bey,4,0.9072
MI,2017,Jaylen Kelly-Powell,4,0.9071
MI,2017,Corey Malone-Hatcher,4,0.9025
MI,2017,Antjuan Simmons,4,0.8955
MI,2017,JaRaymond Hall,4,0.8948
MI,2017,Hunter Rison,4,0.8923
MI,2017,Donovan Johnson,4,0.8907
MI,2017,Jordan Reid,3,0.8856
MI,2017,Cody White,3,0.8847
MI,2017,Phillip Paea,3,0.8721
MI,2017,Zach Morton,3,0.8545
MI,2017,Kalil Pimpleton,3,0.8544
MI,2017,Bryce Wolma,3,0.8538
MI,2017,Scott Nelson,3,0.8516
MI,2017,Mustafa Khaleefah,3,0.8503
MI,2017,Allen Stritzinger,3,0.8499
MI,2017,Richard Bowens III,3,0.8471
MI,2017,Keegan Cossou,3,0.8462
MI,2017,Andrew Ward,3,0.8457
MI,2017,Jairus Grissom,3,0.8452
MI,2017,Robert Hudson,3,0.8437
MI,2017,Jordan Ulmer,3,0.8376
MI,2017,Larry Borom,3,0.8345
MI,2017,Lorenzo McCaskill,3,0.8315
MI,2017,Jacorey Sullivan,3,0.8314
MI,2017,Nate Umlor,3,0.8303
MI,2017,Johnathan Berghorst,3,0.8288
MI,2017,Jamal Allen,3,0.8288
MI,2017,Carter Dunaway,3,0.8287
MI,2017,Troy Brown,3,0.8254
MI,2017,Dwayne Chapman,3,0.8254
MI,2017,Davion Johnson,3,0.8254
MI,2017,Trenton Guthrie,3,0.8224
MI,2017,Kyle Sassack,3,0.8216
MI,2017,Brayden Smith,3,0.8215
MI,2017,Erik Ditzhazy,3,0.8213
MI,2017,Eddie Brecht,3,0.8207
MI,2017,Kelvin Ateman Jr.,3,0.8199
MI,2017,Devonni Reed,3,0.8180
MI,2017,Tanner Motz,3,0.8180
MI,2017,Liam Soraghan,3,0.8147
MI,2017,Treshaun Hayward,3,0.8120
MI,2017,Derrick Hubbard,3,0.8110
MI,2017,Nick Novak,3,0.8099
MI,2017,Ralph Holley,3,0.8085
MI,2017,Casey Williams,3,0.8083
MI,2017,AJ Thomas,3,0.8058
MI,2017,Rodney Hall,3,0.8005
MI,2017,Jayk Slager,3,0.7982
MI,2017,Charles Jones,2,0.7951
MI,2017,Steven Spenner,2,0.7951
MI,2017,George Douglas,2,0.7891
MI,2017,Dezmond Lance,2,0.7871
MI,2017,Andrew Sharp,2,0.7824
MI,2017,Bernhard Raimann,2,0.7810
MI,2017,Tanner Mathias,2,0.7803
MI,2017,Chris Bergin,2,0.7798
MI,2017,Shermond Dabney,2,0.7790
MI,2017,Michael Brown,2,0.7790
MI,2017,Brett Anderson,2,0.7783
MI,2017,Desean Boyd,2,0.7783
MI,2017,Patrick Nauert,2,0.7782
MI,2017,Erick Eldridge,2,0.7750
MI,2017,Kentre Patterson,2,0.7731
MI,2017,Robi Stuart,2,0.7723
MI,2017,Jaylen Hall,2,0.7709
MI,2017,Cepeda Phillips,2,0.7682
MI,2017,Ali Fayad,2,0.7682
MI,2017,Javaris Jackson,2,0.7681
MI,2017,Obie Ricumstrict,2,0.7681
MI,2017,Amir Siddiq,2,0.7675
MI,2017,Willie Reid,2,0.7675
MI,2017,Roy McCree,2,0.7667
MI,2017,Antonio Strong,2,0.7667
MI,2017,Brendann Brown,2,0.7667
MI,2017,Darius Lynaum,2,0.7667
MI,2017,Zach Slezak,2,0.7667
MI,2017,Tanner Hallock,2,0.7667
MI,2017,Josh Jones,2,0.7667
MI,2017,Eric Eldridge,2,0.7667
MI,2017,Kris Campbell,2,0.7667
MI,2017,David Fox,2,0.7667
MI,2017,Cedric Benton,2,0.7667
MI,2017,Mohamad Amen,2,0.7667
MI,2017,Zac Darwiche,2,0.7667
MI,2017,Justin Cain,2,0.7667
MI,2017,Hamze Elzayat,2,0.7667
MI,2017,Brent Mossburg,2,0.7667
MI,2017,Zein Obeid,2,0.7667
MI,2017,Issa Khalil,2,0.7667
MI,2017,Jack Provencher,2,0.7667
MI,2017,Blake Bueter,2,0.7667
MI,2017,Sean Fitzgerald,2,0.7667
MI,2017,Kailen Abrams,2,0.7667
MI,2017,Kyshonn Tyson,2,0.7667
MI,2017,Jeremiah Riordan,2,0.7661
MI,2017,Evan Plate,2,0.7649
MI,2017,Amari Jenson,2,0.7642
MI,2017,Kaiser Carleton,2,0.7631
MI,2017,Jack Combs,2,0.7631
MI,2017,Sam Allan,2,0.7608
MI,2017,Garrett Winn,2,0.7581
MI,2017,Brady Buell,2,0.7541
MI,2017,Blake Bogan,2,0.7541
MI,2017,Kristopher Campbell,2,0.7530
MI,2017,Otis Doss,2,0.7530
MI,2017,Emani Mason,1,0.6997
OH,2017,Josh Myers,4,0.9757
OH,2017,Brendon White,4,0.9421
OH,2017,Lynn Bowden Jr.,4,0.9307
OH,2017,Jaylen Harris,4,0.9254
OH,2017,Marcus Williamson,4,0.9250
OH,2017,Amir Riep,4,0.9243
OH,2017,Sean Clifford,4,0.9223
OH,2017,Danny Davis,4,0.9121
OH,2017,James Hudson,4,0.9121
OH,2017,Jerron Cage,4,0.9105
OH,2017,Matt Bockhorst,4,0.9099
OH,2017,Todd Sibley,4,0.9000
OH,2017,Matt Dotson,4,0.8985
OH,2017,Thayer Munford,4,0.8985
OH,2017,Tyrell Ajian,4,0.8963
OH,2017,Charles Reeves,4,0.8961
OH,2017,JaVonte Richardson,4,0.8939
OH,2017,Danny Clark,3,0.8838
OH,2017,Joel Honigford,3,0.8761
OH,2017,Matt Sichterman,3,0.8757
OH,2017,Michael Miranda,3,0.8747
OH,2017,Michael Warren,3,0.8707
OH,2017,Jarell White,3,0.8658
OH,2017,Weston Bridges,3,0.8628
OH,2017,Keontae Jones,3,0.8624
OH,2017,Alex King,3,0.8624
OH,2017,TreSean Smith,3,0.8613
OH,2017,Trey Pugh,3,0.8580
OH,2017,Sam Gerak,3,0.8575
OH,2017,Bryant Koback,3,0.8569
OH,2017,Dominique Long,3,0.8523
OH,2017,Matt Carrick,3,0.8509
OH,2017,Morgan Ellison,3,0.8500
OH,2017,Kyle Nunn,3,0.8462
OH,2017,Josiah Scott,3,0.8462
OH,2017,Peter McIntyre,3,0.8452
OH,2017,Brendan Bordner,3,0.8446
OH,2017,Carson Van Lynn,3,0.8438
OH,2017,Chris Glaser,3,0.8433
OH,2017,Caleb Stoneburner,3,0.8427
OH,2017,Howard Watkins,3,0.8421
OH,2017,Malcolm Robinson,3,0.8406
OH,2017,DeAmonte King,3,0.8399
OH,2017,Darien Clemons,3,0.8391
OH,2017,Brevin Harris,3,0.8388
OH,2017,Andrew Marty,3,0.8382
OH,2017,Kadeem Trotter,3,0.8365
OH,2017,Travis Koontz,3,0.8334
OH,2017,Darien Tipps-Clemons,3,0.8333
OH,2017,Andrew Kerobo,3,0.8333
OH,2017,Trent Cloud,3,0.8328
OH,2017,Ra'Von Bonner,3,0.8315
OH,2017,Tyrone Chambers,3,0.8308
OH,2017,DeAri Todd,3,0.8294
OH,2017,Drew Rosi,3,0.8294
OH,2017,Christian Nkansah-Wiafe,3,0.8288
OH,2017,Jeff Nogaj,3,0.8284
OH,2017,Nick Kovacs,3,0.8281
OH,2017,Ben Frye,3,0.8274
OH,2017,Victor Williams,3,0.8247
OH,2017,Charlie Kuhbander,3,0.8241
OH,2017,Bryce Mitchell,3,0.8240
OH,2017,Kyle Bolden,3,0.8240
OH,2017,Jordan Murphy,3,0.8203
OH,2017,Coby Bryant,3,0.8187
OH,2017,Matt Wilcox Jr,3,0.8180
OH,2017,Joseph Cooper,3,0.8165
OH,2017,Mitchell Berg,3,0.8153
OH,2017,Cody Lamb,3,0.8147
OH,2017,Tyriq Ellis,3,0.8115
OH,2017,Caleb Martin,3,0.8113
OH,2017,Vincent McConnell,3,0.8106
OH,2017,Kyle Vantrease,3,0.8099
OH,2017,Dan Sichterman,3,0.8096
OH,2017,Alonzo Booth,3,0.8039
OH,2017,Darrian Beavers,3,0.8025
OH,2017,Tycen Anderson,3,0.8019
OH,2017,Ethan Bradds,3,0.8014
OH,2017,Darrick Forrest,3,0.7998
OH,2017,Jabari Taylor,3,0.7991
OH,2017,Chris Landgrebe,3,0.7978
OH,2017,DeCavilon Reese,2,0.7965
OH,2017,Dustin Crum,2,0.7965
OH,2017,Jimmy Daw,2,0.7945
OH,2017,Donte Taylor,2,0.7924
OH,2017,Dominique Robinson,2,0.7924
OH,2017,John Spellacy,2,0.7917
OH,2017,Cole Smith,2,0.7906
OH,2017,Samari Saddler,2,0.7891
OH,2017,Chris Anthony,2,0.7882
OH,2017,Adam Mehelic,2,0.7877
OH,2017,Logan Speyer,2,0.7850
OH,2017,Dakari Carter,2,0.7817
OH,2017,Tracy Jordan,2,0.7798
OH,2017,Reggie Corner,2,0.7797
OH,2017,David Rueth,2,0.7790
OH,2017,Preston Hutchinson,2,0.7783
OH,2017,Nate Weinman,2,0.7778
OH,2017,Francisco Pedrozo,2,0.7731
OH,2017,Julian Hicks,2,0.7716
OH,2017,Kesean Gamble,2,0.7709
OH,2017,Jemarulin Suggs,2,0.7709
OH,2017,Deandre Brimage,2,0.7709
OH,2017,Will Phillis,2,0.7709
OH,2017,Marcus Kidd,2,0.7698
OH,2017,Darius Wortham,2,0.7682
OH,2017,Colin DeBord,2,0.7682
OH,2017,Melvin Jackson,2,0.7681
OH,2017,Zach Dziengelewski,2,0.7675
OH,2017,Dustin Burkhart,2,0.7675
OH,2017,Tariq Drake,2,0.7675
OH,2017,Nick DeWolf,2,0.7667
OH,2017,Matthew Preininger,2,0.7667
OH,2017,Jahneil Douglas,2,0.7667
OH,2017,Marquise Bridges,2,0.7667
OH,2017,Grant Kersh,2,0.7667
OH,2017,Michael Ballentine,2,0.7667
OH,2017,James Leyden,2,0.7667
OH,2017,Justin Barna,2,0.7667
OH,2017,Shane Ramey,2,0.7667
OH,2017,Nate Adolph,2,0.7667
OH,2017,Michael Ayers,2,0.7667
OH,2017,Nathan Snyder,2,0.7667
OH,2017,Kordell Hoover,2,0.7667
OH,2017,Austin Jasinski,2,0.7667
OH,2017,Brenden Knox,2,0.7667
OH,2017,Andy Foley,2,0.7667
OH,2017,Justin Sampson,2,0.7667
OH,2017,Brian Qua,2,0.7667
OH,2017,Miles Manigault,2,0.7667
OH,2017,Kyle O'Connor,2,0.7667
OH,2017,Elijah Johnson,2,0.7667
OH,2017,Micah Farrar,2,0.7667
OH,2017,Malik Crockett,2,0.7667
OH,2017,Ray Anderson,2,0.7667
OH,2017,Nathan Monnin,2,0.7642
OH,2017,Mykol Brooks,2,0.7631
OH,2017,Jeff Marx,2,0.7631
OH,2017,Jeremy Meiser,2,0.7608
OH,2017,Kobie Booker,2,0.7608
OH,2017,Sam Neverov,2,0.7608
OH,2017,Derek Downs,2,0.7608
OH,2017,Ty Henderson,2,0.7608
OH,2017,Tyler Heintz,2,0.7608
OH,2017,Brad Robbins,2,0.7591
OH,2017,Griffin Baumoel,2,0.7581
OH,2017,Kieren Douglas,2,0.7580
OH,2017,Marquess Callaway,2,0.7580
OH,2017,Gunnar Oakes,2,0.7580
OH,2017,AJ Musolino,2,0.7575
OH,2017,Raymond James,2,0.7575
OH,2017,Eric Bentley,2,0.7575
OH,2017,Jacob Gall,2,0.7530
OH,2017,Malik Wooldridge,2,0.7530
OH,2017,Jaylin Nolden,2,0.7530
OH,2017,Jake McCurry,2,0.7397
OH,2017,Kyle Roshong,2,0.7397
OH,2017,Nick Noyen,2,0.7397
OH,2017,Baden Pinson,2,0.7397
OH,2017,Jeremiah Knight,2,0.7397
OH,2017,Sidy Sow,2,0.7397
